-- phpMyAdmin SQL Dump
-- version 5.2.1
-- https://www.phpmyadmin.net/
--
-- Host: 127.0.0.1
-- Generation Time: Aug 10, 2024 at 08:30 PM
-- Server version: 10.4.32-MariaDB
-- PHP Version: 8.0.30

SET SQL_MODE = "NO_AUTO_VALUE_ON_ZERO";
START TRANSACTION;
SET time_zone = "+00:00";


/*!40101 SET @OLD_CHARACTER_SET_CLIENT=@@CHARACTER_SET_CLIENT */;
/*!40101 SET @OLD_CHARACTER_SET_RESULTS=@@CHARACTER_SET_RESULTS */;
/*!40101 SET @OLD_COLLATION_CONNECTION=@@COLLATION_CONNECTION */;
/*!40101 SET NAMES utf8mb4 */;

--
-- Database: `courier`
--

-- --------------------------------------------------------

--
-- Table structure for table `comments`
--

CREATE TABLE `comments` (
  `id` int(11) NOT NULL,
  `post_id` int(11) NOT NULL,
  `uid` int(11) NOT NULL,
  `comment` text NOT NULL
) ENGINE=InnoDB DEFAULT CHARSET=utf8mb4 COLLATE=utf8mb4_general_ci;

--
-- Dumping data for table `comments`
--

INSERT INTO `comments` (`id`, `post_id`, `uid`, `comment`) VALUES
(1, 25, 46, 'adsadadadadadaddd'),
(2, 25, 46, 'helllo'),
(3, 25, 46, 'test'),
(4, 25, 46, 'test'),
(5, 25, 46, 'asdadadaddad'),
(6, 25, 46, 'dasdaadadadad'),
(7, 25, 46, 'asdadadad'),
(8, 25, 46, 'zdzsd'),
(9, 25, 46, 'asdadadadadadaddadad'),
(10, 25, 46, 'asdadadadad'),
(11, 25, 46, 'asdadadadaddadadadad'),
(12, 25, 46, 'asdadadadadad'),
(13, 25, 46, 'asdadadadadadaaaaaaaaaaaaaaaaaaaaaaaaa'),
(14, 25, 46, 'adasdadadad'),
(15, 25, 46, 'asdadadadadadadadad'),
(16, 17, 46, 'adadadadadadaddada'),
(17, 17, 46, 'adadadadadadaddada'),
(18, 16, 46, 'adadadadadad'),
(19, 16, 46, 'adadadad'),
(20, 24, 46, 'adadadadad'),
(21, 17, 46, 'adadadad'),
(22, 25, 29, 'Thi guy is a scam!!!!!!!!!!!!!!!!!!!!!!!'),
(23, 24, 29, 'Goood Courier'),
(24, 24, 46, 'asdasd'),
(25, 17, 63, 'hellooooo'),
(26, 21, 16, 'asadadadad'),
(27, 22, 16, 'sfsdfsf'),
(28, 17, 16, 'asdasdasdasd'),
(29, 17, 16, 'asdasdasdasd'),
(30, 19, 16, 'asdasdasdasd'),
(31, 18, 16, 'asdsadadsadad'),
(32, 16, 16, 'asdadadad'),
(33, 17, 16, 'asdasdasdasd'),
(34, 23, 63, 'dsaaaaaaaaaaaaaaaaaaaaaaaaaaaaaaaaaaaaaaaaaaaaaaaaaaaaaaaaaaaaaaaaaaaaaaaaaaaaaaaaaaaaaaaaaaaaaaaaaaaaaaaaaaaaaaaaaaaaaaaaaaaaaaaaaaaaaaaaaaaaaaaaaaaaaaaaaaaaaaaaaaaaaaaa'),
(35, 25, 63, 'fdjlkjaldjaldjalkdajdkladadad\nada\ndagugguyg hgguhguhguh\nda\nda\nda\nda\nda\nd\nad\nadjgyugggggguuughhjggiugiutytuytyutyytuytyufuhfytyctygcfcrcrt\nhbkjhijgjhbjhbhvhvbuvyfctfdersaas\njgjhgyuguyftyfytfrtyrfyrytrrrtyfttrtrtrtrftrtrtyrhjkgg\nad\na\nda\nda\nda\nda\nd\nad\nad\nsaf\netg\ndg\ndg\ndg\ndg'),
(36, 25, 63, 'adadadadad'),
(37, 25, 63, 'adadadadad'),
(38, 25, 63, 'adadadadadadsadadad'),
(39, 25, 63, 'tuyuytiuii'),
(40, 23, 63, 'fufufguygufyfufy'),
(41, 25, 63, 'asdadadad');

-- --------------------------------------------------------

--
-- Table structure for table `post`
--

CREATE TABLE `post` (
  `id` int(11) NOT NULL,
  `uid` int(11) NOT NULL,
  `post_type` int(11) NOT NULL DEFAULT 0 COMMENT '0=send, 1=recieve,2=carry',
  `from_location` varchar(255) DEFAULT NULL,
  `to_location` varchar(255) DEFAULT NULL,
  `pickup_date_start` date DEFAULT NULL,
  `pickup_date_end` date DEFAULT NULL,
  `dropoff_date_start` date DEFAULT NULL,
  `dropoff_date_end` date DEFAULT NULL,
  `parcel_type` varchar(50) DEFAULT NULL,
  `parcel_size` int(11) NOT NULL DEFAULT 0,
  `weight` decimal(10,2) DEFAULT NULL,
  `weight_scale` int(11) NOT NULL DEFAULT 0,
  `details` text DEFAULT NULL,
  `like_id` text NOT NULL DEFAULT '',
  `created_at` timestamp NOT NULL DEFAULT current_timestamp()
) ENGINE=InnoDB DEFAULT CHARSET=utf8mb4 COLLATE=utf8mb4_general_ci;

--
-- Dumping data for table `post`
--

INSERT INTO `post` (`id`, `uid`, `post_type`, `from_location`, `to_location`, `pickup_date_start`, `pickup_date_end`, `dropoff_date_start`, `dropoff_date_end`, `parcel_type`, `parcel_size`, `weight`, `weight_scale`, `details`, `like_id`, `created_at`) VALUES
(4, 5, 0, 'Afghanistan, Shar', 'Afghanistan, Shar', '2024-04-02', '0000-00-00', '0000-00-00', '0000-00-00', '1', 0, 20.00, 0, 'wrrfsfsdfsdfs', '', '2024-04-06 09:29:38'),
(5, 0, 0, 'Afghanistan, Shar', 'Afghanistan, Shar', '0000-00-00', '0000-00-00', '0000-00-00', '0000-00-00', '1', 0, 20.00, 0, 'wrrfsfsdfsdfs', '', '2024-04-06 09:31:19'),
(6, 0, 0, 'Algeria, Azazga', 'Algeria, Azazga', '0000-00-00', '0000-00-00', '0000-00-00', '0000-00-00', '1', 0, 200.00, 0, 'dsadasdadadad', '', '2024-04-06 09:46:09'),
(7, 5, 0, 'Algeria, Bordj', 'Argentina, Albardon', '0000-00-00', '0000-00-00', '0000-00-00', '0000-00-00', '1', 0, 100.00, 0, 'qweqweweqeqee', '', '2024-04-06 09:54:28'),
(8, 5, 0, 'Andorra, Escaldes-Engordany', 'Andorra, La Massana', '0000-00-00', '0000-00-00', '0000-00-00', '0000-00-00', '1', 0, 20.00, 0, 'sdasdadadadada', '', '2024-04-08 06:40:08'),
(9, 5, 0, 'Albania, Pogradec', 'Albania, Pogradec', '2024-04-08', '2024-04-11', '2024-04-23', '2024-04-30', '1', 0, 20.00, 0, 'sfsdfsfsfsfsfsfsf', '', '2024-04-08 06:43:56'),
(10, 5, 0, 'Andorra, Encamp', 'Select Destination City', '2024-04-08', '2024-04-25', '2024-04-30', '2024-05-02', '2', 0, 20.00, 0, 'casdasdadadd', '', '2024-04-08 10:32:13'),
(11, 5, 0, 'Bangladesh, Dhaka', 'Japan, Akasaka', '2024-04-08', '2024-04-23', '2024-04-24', '2024-04-30', '2', 0, 10.00, 0, 'just food nothing else', '', '2024-04-08 10:46:42'),
(12, 5, 0, 'Bangladesh, Dhaka', 'Japan, Akasaka', '2024-04-08', '2024-04-23', '2024-04-24', '2024-04-30', '2', 0, 10.00, 0, 'just food nothing else', '', '2024-04-08 10:46:54'),
(13, 5, 2, 'Bangladesh, Dhaka', 'Japan, Akasaka', '2024-04-08', '2024-04-23', '2024-04-24', '2024-04-30', '2', 0, 10.00, 0, 'just food nothing else', '', '2024-04-08 10:47:46'),
(14, 5, 0, 'Chittagong, Bangladesh', 'Afritz, Austria', '2024-04-09', '2024-04-23', '2024-04-16', '2024-04-23', '1', 0, 200.00, 0, '1213123123123', '', '2024-04-08 23:52:16'),
(15, 8, 0, 'Escaldes-Engordany, Andorra', 'Malanje, Angola', '2024-04-22', '2024-04-27', '2024-04-28', '2024-04-30', '1', 0, 20.00, 0, 'just fodd nothing else', '', '2024-04-22 14:05:19'),
(16, 46, 0, 'Bordj Bou Arreridj, Algeria', 'San Barbola, Aruba', '2024-05-22', '2024-05-29', '2024-05-29', '2024-05-31', '1', 0, 20.00, 0, '0', ',16', '2024-05-22 14:41:57'),
(17, 46, 0, 'Shkoder, Albania', 'Acevedo, Argentina', '2024-05-22', '2024-05-31', '2024-05-29', '2024-05-31', '1', 0, 1222.00, 0, '0', ',29,16,63', '2024-05-22 14:42:28'),
(18, 46, 2, 'Barisal, Bangladesh', 'Adelaide, Australia', '2024-05-22', '2024-05-27', '2024-05-29', '2024-05-31', '1', 0, 15.00, 0, '0', ',63,29,16', '2024-05-22 17:55:13'),
(19, 29, 0, 'Engordany, Andorra', 'Aparan, Armenia', '2024-05-28', '2024-05-31', '2024-05-31', '2024-06-05', '0', 0, 20.00, 0, '0', ',63,29,16', '2024-05-28 16:12:00'),
(20, 46, 0, 'Sabaneta, Aruba', 'Llorts, Andorra', '2024-05-28', '2024-05-31', '2024-06-01', '2024-06-06', '0', 0, 20.00, 0, '0', ',63,29,16', '2024-05-28 17:25:41'),
(21, 46, 0, 'Sabaneta, Aruba', 'Llorts, Andorra', '2024-05-28', '2024-05-31', '2024-06-01', '2024-06-06', '0', 0, 20.00, 0, '0', ',29,63,16', '2024-05-28 17:25:55'),
(22, 46, 0, 'Hrazdan, Armenia', 'Huambo, Angola', '2024-05-29', '2024-05-31', '2024-06-01', '2024-06-05', '0', 0, 20.00, 0, '0', ',63,29', '2024-05-29 08:21:08'),
(23, 46, 2, 'San Barbola, Aruba', 'Sumqayit, Azerbaijan', '2024-05-29', '2024-05-31', '2024-06-01', '2024-06-05', '0', 2, 20.00, 0, '0', ',29,63,16', '2024-05-29 08:27:17'),
(24, 46, 0, 'Old Road, Antigua and Barbuda', 'Santa Cruz, Aruba', '2024-05-29', '2024-05-31', '2024-06-01', '2024-06-05', '0', 1, 20.00, 0, '0', ',29,63,46,16', '2024-05-29 09:53:13'),
(25, 46, 0, 'Old Road, Antigua and Barbuda', 'Santa Cruz, Aruba', '2024-05-29', '2024-05-31', '2024-06-01', '2024-06-05', '0', 1, 20.00, 0, 'helllo asniabduadaudhbaucbzjcb kjashbdiashdiahdad', ',63,29,16', '2024-05-29 09:56:34');

-- --------------------------------------------------------

--
-- Table structure for table `post_notification`
--

CREATE TABLE `post_notification` (
  `id` int(11) NOT NULL,
  `post_id` int(11) NOT NULL,
  `post_type` int(11) NOT NULL,
  `message` varchar(255) NOT NULL,
  `seen` int(11) NOT NULL DEFAULT 0
) ENGINE=InnoDB DEFAULT CHARSET=utf8mb4 COLLATE=utf8mb4_general_ci;

--
-- Dumping data for table `post_notification`
--

INSERT INTO `post_notification` (`id`, `post_id`, `post_type`, `message`, `seen`) VALUES
(3, 24, 0, 'Touhidul Islam and 3 others liked you post', 1),
(4, 23, 0, 'Sazzad and 0 others commented your post', 1),
(5, 22, 0, 'Touhidul Islam liked your post.', 1),
(6, 21, 0, 'Touhidul Islam and 2 others liked you post', 1),
(7, 20, 0, 'Touhidul Islam and 2 others liked you post', 0),
(8, 19, 0, 'Touhidul Islam and 2 others liked you post', 0),
(9, 18, 0, 'Touhidul Islam and 2 others liked you post', 0),
(10, 17, 0, 'Touhidul Islam and 2 others liked you post', 0),
(11, 24, 0, 'Touhidul Islam and 3 others liked you post', 1),
(12, 17, 1, 'Touhidul Islam and 2 others liked you post', 0),
(13, 25, 0, 'Sazzad and 0 others commented your post', 0),
(14, 21, 1, 'Touhidul Islam commented your post.', 0),
(15, 22, 1, 'Touhidul Islam commented your post.', 0),
(16, 19, 1, 'Touhidul Islam commented your post.', 0),
(17, 18, 1, 'Touhidul Islam commented your post.', 1),
(18, 16, 0, 'Touhidul Islam liked your post.', 0),
(19, 16, 1, 'Touhidul Islam commented your post.', 0),
(20, 23, 1, 'Sazzad and 0 others commented your post', 0),
(21, 25, 1, 'Sazzad and 0 others commented your post', 0);

-- --------------------------------------------------------

--
-- Table structure for table `review`
--

CREATE TABLE `review` (
  `id` int(11) NOT NULL,
  `uid` int(11) NOT NULL,
  `review_id` int(11) DEFAULT NULL,
  `star` int(11) NOT NULL,
  `review` text NOT NULL,
  `date` timestamp NOT NULL DEFAULT current_timestamp()
) ENGINE=InnoDB DEFAULT CHARSET=utf8mb4 COLLATE=utf8mb4_general_ci;

--
-- Dumping data for table `review`
--

INSERT INTO `review` (`id`, `uid`, `review_id`, `star`, `review`, `date`) VALUES
(1, 46, 14, 2, 'adasdadad', '2024-05-22 17:14:19'),
(2, 46, 14, 3, 'test review', '2024-05-22 17:15:18'),
(3, 8, 14, 3, 'test review from metting', '2024-05-22 18:26:10'),
(4, 46, 14, 5, 'Very goood.Handled with care. Satisfied', '2024-05-28 17:39:56'),
(5, 29, 14, 5, 'adsdadad', '2024-06-23 07:19:02'),
(6, 46, 14, 5, 'asdadadd', '2024-06-23 07:19:45'),
(7, 46, 14, 5, 'asdadadd', '2024-06-23 07:20:12'),
(8, 46, 63, 4, 'asdadadadad', '2024-06-23 07:29:28'),
(9, 46, 63, 3, 'adsadadadadad', '2024-06-23 07:30:17'),
(10, 46, 63, 5, 'asdadad', '2024-06-23 07:32:46');

-- --------------------------------------------------------

--
-- Table structure for table `users`
--

CREATE TABLE `users` (
  `id` int(11) NOT NULL,
  `first_name` varchar(50) NOT NULL,
  `last_name` varchar(50) NOT NULL,
  `gender` int(11) NOT NULL DEFAULT 0,
  `email` varchar(100) NOT NULL,
  `contact_no` varchar(15) NOT NULL,
  `nid` longtext DEFAULT NULL,
  `passport` longtext DEFAULT NULL,
  `visa_no` varchar(20) DEFAULT NULL,
  `country` varchar(50) DEFAULT NULL,
  `city` varchar(50) DEFAULT NULL,
  `zip` int(11) DEFAULT NULL,
  `occupation` varchar(255) NOT NULL,
  `address` text NOT NULL,
  `password` varchar(255) NOT NULL,
  `facebook` varchar(100) DEFAULT NULL,
  `instagram` varchar(100) DEFAULT NULL,
  `linkedin` varchar(100) DEFAULT NULL,
  `created_at` timestamp NOT NULL DEFAULT current_timestamp(),
  `profile_pic` varchar(255) DEFAULT NULL,
  `auth_id` varchar(255) NOT NULL,
  `verified` int(11) NOT NULL DEFAULT 0
) ENGINE=InnoDB DEFAULT CHARSET=utf8mb4 COLLATE=utf8mb4_general_ci;

--
-- Dumping data for table `users`
--

INSERT INTO `users` (`id`, `first_name`, `last_name`, `gender`, `email`, `contact_no`, `nid`, `passport`, `visa_no`, `country`, `city`, `zip`, `occupation`, `address`, `password`, `facebook`, `instagram`, `linkedin`, `created_at`, `profile_pic`, `auth_id`, `verified`) VALUES
(6, 'sanaf', 'ahmed', 0, 'sanaf.x@gmail.com', '01533916417', '321124324235353', '321124324235353', '321124324235353', 'Bangladesh', 'Dhaka', NULL, 'Software Engineer', '27 south bashabo dhaka', 'e10adc3949ba59abbe56e057f20f883e', 'https://www.facebook.com/touhid.sazzad.9/', 'https://www.instagram.com/snyphar/', 'https://www.linkedin.com/in/snypharex/', '2024-02-28 08:30:19', '662156e7f26fc.jpg', '', 0),
(7, 'test1', 'test1', 0, 'test1@gmail.com', '01533916416', NULL, NULL, NULL, 'Bangladesh', 'Dhaka', NULL, '', '27 south bashabo dhaka', 'e10adc3949ba59abbe56e057f20f883e', NULL, NULL, NULL, '2024-04-10 10:16:17', '662156e7f26fc.jpg', '', 0),
(9, 'touhid', 'Sazzad', 0, 'test@gmail.com', '01533916416', 'uploads/271135847_22', 'uploads/', NULL, 'Austria', 'Aistersheim', 34356, '', '27 south bashabo', 'e10adc3949ba59abbe56e057f20f883e', NULL, NULL, NULL, '2024-04-22 16:11:34', NULL, '', 1),
(14, 'Sazzad', 'Sazzad', 0, 'octagram@gmail.com', '01533916416', 'uploads/271135847_22', 'uploads/', NULL, 'Bangladesh', 'Dhaka', 1214, 'Software Engineer', '27 south bashabo dhaka', '', 'https://www.facebook.com/', 'https://www.facebook.com/', 'https://bd.linkedin.com/', '2024-04-22 16:31:52', '662690f83fccb.jpg', '116363466081408185046', 1);
INSERT INTO `users` (`id`, `first_name`, `last_name`, `gender`, `email`, `contact_no`, `nid`, `passport`, `visa_no`, `country`, `city`, `zip`, `occupation`, `address`, `password`, `facebook`, `instagram`, `linkedin`, `created_at`, `profile_pic`, `auth_id`, `verified`) VALUES
(16, 'Touhidul Islam', 'Chowdhury', 0, 'touhidulislamchowdhury.cse@gmail.com', '53654675665757', '/9j/4AAQSkZJRgABAQEAYABgAAD//gA+Q1JFQVRPUjogZ2QtanBlZyB2MS4wICh1c2luZyBJSkcgSlBFRyB2OTApLCBkZWZhdWx0IHF1YWxpdHkK/9sAQwAIBgYHBgUIBwcHCQkICgwUDQwLCwwZEhMPFB0aHx4dGhwcICQuJyAiLCMcHCg3KSwwMTQ0NB8nOT04MjwuMzQy/9sAQwEJCQkMCwwYDQ0YMiEcITIyMjIyMjIyMjIyMjIyMjIyMjIyMjIyMjIyMjIyMjIyMjIyMjIyMjIyMjIyMjIyMjIy/8AAEQgCWAMgAwEiAAIRAQMRAf/EAB8AAAEFAQEBAQEBAAAAAAAAAAABAgMEBQYHCAkKC//EALUQAAIBAwMCBAMFBQQEAAABfQECAwAEEQUSITFBBhNRYQcicRQygZGhCCNCscEVUtHwJDNicoIJChYXGBkaJSYnKCkqNDU2Nzg5OkNERUZHSElKU1RVVldYWVpjZGVmZ2hpanN0dXZ3eHl6g4SFhoeIiYqSk5SVlpeYmZqio6Slpqeoqaqys7S1tre4ubrCw8TFxsfIycrS09TV1tfY2drh4uPk5ebn6Onq8fLz9PX29/j5+v/EAB8BAAMBAQEBAQEBAQEAAAAAAAABAgMEBQYHCAkKC//EALURAAIBAgQEAwQHBQQEAAECdwABAgMRBAUhMQYSQVEHYXETIjKBCBRCkaGxwQkjM1LwFWJy0QoWJDThJfEXGBkaJicoKSo1Njc4OTpDREVGR0hJSlNUVVZXWFlaY2RlZmdoaWpzdHV2d3h5eoKDhIWGh4iJipKTlJWWl5iZmqKjpKWmp6ipqrKztLW2t7i5usLDxMXGx8jJytLT1NXW19jZ2uLj5OXm5+jp6vLz9PX29/j5+v/aAAwDAQACEQMRAD8A84WedR9w1It3L02H8qvlU74/KlEabuMVmUURdup5TFSpqJDYMdXWhHXatN2J3RfyoEXLPUlwCY614tRgwN0fNZln5BxujXmtuCC1Yf6sGrRLRGL63PVODUontWbdtx71aWytH/5Z4oOm22cgNTEVXa05bNMBtD0fHsanbTIXb7zfhQNChbLCVh7GgRVaS37Eg08GAqT5nNPOiKWwJaX+xXTpMBQOxGCmOHBFGFLHa4p50aYkMsozTDpdzztdTj8KAJBGgAGPxpklvulGHBHvUX2S+Q8YPtTWgv8AGQn4UATvA5QgYpotpB/Aenaqw+3p1Q49qeJ70Y3Rn8OtAEyIxPQipRbyA8Ak+lVjdTDkxNn1AqRNUdAR82T7UANliYDkH6EUgQgYB4A6Gl/tPJAbP4intfxdWCH8KQxkeQnAB5p4dmIBA60keoW2cFQPapFuoc52gUARlkKMCMc1HuwRsOTmrBNu4yQBn0pPJhLblegBjFnzkZxUYY9CBj3FTsE5BcCmrDEc4loAiZQcZVaY0SnPCnHtVny17OCPWhrbfkhuaAKRgjbqnPtTVgAHBAOehq21tIo5GaYqPnBTIoAZ9liYfPEpPsaYtjA24hMe2atsjZ4QdO1RxhsEEYNAFZtOtyTyy00adGp6tV7yyc4GfpQhYc7D+NAFBrCMD7zU3+zSW+WbH1rRmYBflTFRg7ju7CgDPawlB5lphsJDz5oz9K1CRgHjGajmI2gr1zQMzxaTpwHGaQW1wG++PzrRO4p0zTEBPYUAUjb3fBDCo2hvF5wPxFaBVhtwec0rBiCGzQBlFbsHmP8AIUoW44Ij/CtQDAOSQMU0pnJDAUAZ3nTA/wCrORTWmlyCUatExDIz1PoaJBtx0oAzfPcDlGx9Kb9oIHCsD9K0lGVyADSrDkHIx+FIDLN2xXaRio/tjR5xjmtWSBWDAA8CqUkCqSMA8dxQMoS3jsQeKY9ySBkCrEluuR8i4I6VXlto8DClT9aAIvPB9PzqJrhQ3IIpWtFz3H0NRvaYPLHmpAGkBXKsfpTfMxj5qY1uUBxJTBC/XdQMkMhznIIpyy5PPFRbH7lT9RQYXzxtoAsO5C5BzTQ/GSoqHy5QOduPrTds3ZQfxoAtDB5waGkA4PNVt0o42mmGQ9w1AFsMMcGj5M9QPaqvmYXgE/hSbznOD+VMRacjOARTQEPBqv5qfxICfbigSKOgIoAtBUGRQAA4xmq3nrg5pfNBwQ1IZaeMdQfzqDYvcH8qb54/vUn2hV96BDmjTPT9KDEpHAFRtdAt0qT7THg8c+9ACNbxgZxmo/IQHFOeeNh6GmiReSTTAUWyN/CKja2APAA+lTLKp7ihpBjjH40gIfs0ZHvSG2Qfw5FShxjqKQsBzj8qAIGtlPQY/Gmm3TuGz9as+YvUjBphkDUAQ+Qv+1QLVeu41Zym3gikyM9RQBB9kGPvmkNqccOatFh2OKFk3N1FAip5Bz99s0G3brvNWWOOwpjHkcUAVjERyJDTQH28PVksMH5aQFQfumgZWCyf3+ad5Uo/jBqVsZ64ppkGOtAiMrJ6ikAl6BuKcG5OGFODj2OaAAJNgdKXbKMA4NSqfzp5YFRkDP0oAhCygcAULJIP4RVgMucYFAEff9KAIS8mP9XTDI+D8hqdiuBikyAegoYjaWbOOc1KGHUCqRY5GIyD9KVZyvGxsUFWLy3BHBNP8xW5wRVDz1PYj8KeLhc9DQBehlKuOTxW5Z3cbDng1zC3Sq1aVrex00JnVRTJj7xH41MtwnH7ysaK5iIHzVL58Pdv0qyTTa4QHIYZ9RSreKVIPPvWc8lsw4bBpoaJkOHxQBrLKONrCla447Gstcx42z8fWplL9S4YGgZdju1HUVK1xGy5xzVLMeDnaMe1Rsyk/u2XBoAvefGwwc5+tIsyKTkMv0NU9pIGUX6g1GVbnKn86ANEOMgq2alJWTBOOO4rJ2lWxlgfanqJlGQ+R9aQGkBjHKn61I6AjJRSPpWafMIBDMp+lOMsoBAmz9RTAsNBE3WBQKimsoTj9yDmmpLOB99T9aSW5kHVAPcGgBi6daufmhUY7Zpx0e1252sPoaQSHBOzP404XWFA5HsaAIG0mEHiSQfjQujp1Wd1arAnV88sKUOFyd5xQBVbSJNxH2kEe4pjaHMAGSZK0DOCCNwPvTPP4ABU0AZ39nXacb1P40n2S+jGQ44/2q1lZyucKaZuc/8ALNPzoAy2GogY4YexpNl+RnySfcGtUFi3+rA4p5aRFHy/rSGZCyXQ4aGRffFI80yZ+SQj3WtlJCyjeh+oNNaZcnls/SgDDa+mT7qN+Ip41aVeGjOPpWt5kPG/P4LSl4CcrtPsVoAyv7XIX54gRSnVIGX/AFeK05Ft2UYjQH6VEILU53LH+VAGd/aFux5X8qX7XaHGCQa0xbWfXyoz+FRvaWrfdij5oAzzc2xbhsfjSB4VHDj86uiwtCcNbgj1Bpp0qyzgIQPrQMqq6NjDYxT2kXaAQSPapW0m2AJCuPoaiOlxH7ryD6NSAYZEJ7gU8bCSRKPoRR/ZKjpcS/lmoG0uTPy3P5jFAFwqHA5Qmqctu5Py7c/WlGnXQ5W6Un3prWV8D8s0ZP1oAdHDKFwUH51IFIBB3A/WoDBqK9lP0ao2N+p5iY/Q0ASMsrM2FaoJFdWY4OcU83d4q/6hs/Sqsl/PnLRMD9KBlebPXZiq27LYYGp5dRcdU/8AHaqG/GeQB+FIB0m0KflyB3qA5Y5BqY3kLDBK/lURlhJ5IP0pARuoI5FN8vC8nFSlonHGMfWmbUK9f1oAiEWTw36U44Xg4Jp5jXGd360wRLn74/GgBmD3pcZHBFS+UufvgGnGAFfvLQBX2n0z9DTTx0HPvUwhccDHFI0TlvumgCHBHrThzjnH1qVomxwKYyNwMEj6UAMfAPGCfpTMA9cdKkZDn8PSmEFSMt+lACLGp+8BinFFHZcUF+mSM0gckcKKAFeJMZ2DFR+VGw+6BUmWIOABTRlTzigBhhiHVM0jW0JXO1s/WnuQTx1pCxxzn8KYEZijI5TikEKZ5HFO3cYGKA5OeKABY4f7h/Oh4Yu2abn5s5xn0pzMMcHpSENESeg/E0oijzynP1oEowMimtIox70DHGJC3IbH1pj24/hyR9aeHXGQ3500y8feoEM+zjk8/nR9nBGQWFKZCec0okOBzQAgt9xOWajyUU4Ej08OeTupA2e360AMMGSP3ppphx1kP1qYt6GmPJn5aAGeWO0hpjIQf9YcfSnqc8YpdyjGVNAEPkn/AJ6Z/Cj7McZEmak3AtwKTeBkHrigREbRyOvNKts4Xlxx2pwkOeDwKRpyvBoGP8lsZEmD6UeVLnh6WNw4GDipNxXoaBEaxyf3lOfWjbMOjCn5PXNAlPQigBm2bPLD8qRkk9qlDDnmk3k9DSYjo1wDkYNPwrclRVQXKEd6kS5jIxnBplssrEn90U4wxnqgqJLlP74p/nIf4h+dAEq20THO0VZgtId4+QcVSWaMdGINWILkBh8wpoRuW9rb4+aMH8an+wWpOQhH41Vt7pCBkirqSYGaokY+n2xySh/Oo/7Ot8Z+YCrizgocYJ9DUbNwOxoAgOm27gbZWz6EU1dM2fdnYfWrSOc9cn6VK4+WgCi+lzjLJPmoWsbj/nrz9K042J7/AK0sgwRuFMDMW0vF+7IKcbe/5O5TV5WQvlW/OnF4geWw3tQBnBb8HayqaTF6mcwn69a0JGXg5/KlEjFcAtj0oAzhd3Q+UxMefSmm7uA2fJNaQiyRhuaCuCQwyPWkBnrfyr1gb8qe+ox4+eBgavEL6nFDRjjgEe4oAzBqSDjYwBpDfQkdxWiYEPKqPypuxc4MUTfhigZRGoxquSwIFOXUo2X72D71ZNvGefIU/QUyaytdoZYxn0FAEQuYHB+cZp4miGMMD71CtpbsTmIipl0+1wCVP4UASC5TB+cD6GmMC3PnD25pr6baY4ZxTBp8LJ8ssgP1oCw9WkjJ/e5FSea5x82eO1V/7OHOJnH1oXTmAz9oYe9AFpZGHdvzoDMWxk59zVQ2MvQXJ/GmnTrvcSLjIoAtyzOhxk49aiFycHcjfUVA1jfZ/wBcCMetI1nfqPvIfcGgZdF0PLwB+dNScZ5H6VQFtqCjJVCPrTG+2A/6sfnQBqm4ReoGKablSchVIrM868XgwUC4nUfNbHP0oA0hcgtwce2afJcsDxg1lG9JGDbMP+A0G7jxgxtn3WgLGgt2x4KGhpcMSCQPSs0XsS8FHp630A7N+NIC6txzUomzgmso3VuWyCR+NOF7Fn5ZcfWgDSa4XAwefpQJ48fMRVA3CEf61OaPNUAgspFAy6bhCeCppPMHYA/jVAvHngrnFNBk3fLtINIDVZomTIGD6GqcjoSRuxUbMwHIGfrULhyueCPrQA6RkbjAP4VC8MRTmJTULOyHlc/Q015/k+69ADHtLY9YRmq0unWzc+WR9DQ9wwJ+99CKPtS7fQ+9ICudLtifldx7ZqM6aikgSOKs/a1JzgUhueO2KBlI6e/af8xSf2bNjIkQ/jVvzdx4Ipwk44K0AURaXef4Tj0NL5V2n/LMkfWrnmvk4C0pkf2oAp+Zcg/6gkUfaJFOTC4qyZJCvy4qMzT+g/OgCE3hHWN/ypF1EBuQ2ferKzTZy6ZFP3RnloM/hQIrnUEY88fhSG8iz1H4irH7grzAMf7tRGG0brHigBPPgYfMq0EW5HQUgsbU9GI/GkGnRMfllYfjQAgSDNAityeQc/WnHTCPuTt+NMOmyZ4nFADjaQkZBb86iazXHyuRTzZXaj5ZB+dMNver/Ep/GgBosTz84/Go2sJQeGBqXZe/3AfpRuu1/wCWJoAg+wXIJ+6fxpptbheCgP41Z865H3oW/Cmm9uAMGIkfSgCA291j/V1F9nn7xn8qsm/kHVMfhUn9pKy4K4oAotBMP4Gx9KZ5UoPCH8q0Pt47GnLeL3IoAzzFNj7lN8qbOdtav2lT/dNC3ER4JXP0oEZPlzdMUeXKMcVr+bAOu0mjfA3UqKAMgrNngfjSHzlPTNbB8g8fyqIxQc4b8zQBlbpuy0haT+7xWi0MY6NSGBWHDmgDM3Sq3Qik3ynIxmtF7XIyJKrNGUJ+YA0AVvnGeDTGLEE7TVnBJ5IP40jRsw4IpgV4nkU8AirKmXGcGo1hYNg5q6sLKOVOKLiK+ZeMCgmbGdtWFjOOhNKcgDgj2pAVcyf3TmkJcH7pq2WbP9KaxOemKTA6JYVB6U/yo+CVH5VGsrd/WpBcDOCDQih3kQk/dFBtoc/cH50qTKW7/jUhcY4wfwpgR/ZYB1B/OporKAnqw/Goy/IyoNWrblgNoNAi5b6dC46sPxrQi0xdoAlcUlsFXtitS3QsM1RJQTTDuwJ3H4VJLplyibhcEr9K29qxx5bgVRmuTK20cKO1JyHYzRFcITi4XI/vCnhrt1xujOPbFacNsJWHFbVrpcQTLKMfSmhM4wfa435CH8aVpLtn+6p9ga6PU7OMMNicVkSWg5IBB9qdwRRDT7jm3/I0u6UH/j1ep/s5DcZ/OlCzBgQG496LgV2nK/ft5F/DNSJeqqnCuM9ttTOlwRnEhH0ojiPO7cD6EUXAgN8isD8w/Cl+3xMMnd+VSyRtnbkk/wC7SIrxnOP/AB2mBCb+JT8zED3Wj7batwJSKttvcchD9UqL7OB95I/++aAIklgU5FyOegzQ11Fux5ymnm1ixnyoz+FH2GFv+WMY4pDBbyBQAJR+dTC4VgCCpFU306EEZhX6g0jWMQGBE3/fVAFl7kZICj86FZuGA/Wqn2FF/hcD2apBZRkYUy/99UAW94I5Yj681Ewj4BIBJ7VD9gXA3eaR/vUh0+HjDzqfrQBOirklXHHbNPLso5wapfYFH/LSYU17KPb/AMfMo+tAy8G9YxSMyEMOR+NVY7AOnF42D70jaaBnbeNQBaCBu7dOxpC+w7SWH1qp9glDZW9I/ChrC8P3bxWHuKQFhpRxh/wNAXcM5AP0qi1leg8TIT6GjydRX7pQ/Q0AX2RwvBQ1GWdF7E/WqyrqIHKqfxpM33TyQ340AWVYscsy06R8dduKpk3He1OfY0G6mHytZuRQBa3IR9xT9BQSmMeSp/4DVUXOAf8ARZQKEugOTFIPbFAx7RwuTmED/gNC2Nu2MxpTDqCHjypR77cUC+gXrvH1WgCQ6fbYx5Q/Oo/7MtyeYyPoaT7ZCTlZMfUU430J48xc0AMOlQHoWH40f2SByJHH0NSLeIT99T9aTz0Y8OB7bqBEEumN/wA/Lj2IqtNYSqPluW/KtQuhU/Pj8agl+bo1IZiPbXKn/Wj8RUbR3oH31+orTlJGPmz+FQs4A5B60AZji824+Vj9ahZrwDBh4rTdxg/Jz9KYJH6YNIDK82desJ/KkNww+9EwFarYPqDTcAjBwaBmULqMHlSKcJIX6Z/Or5hViSUUj6UhtYe8QoApgxjkM30pxcEjDH6EVO1lCTwCPxpr2EX95wT6GgCH6NigLnHOacbAfwyvj3phs3HSbFAEoyBwaTzGU8LURs5gciUGlMF0BwVNAiYXDjjaCPpSmTePuYqtsuweY8/jSk3K9IjQBIr4OCgxS7lHIX8qgM0n8cLflSeeB1jI/CgC15o7gikMmTwaq/aU6HI9qTz4uuSKALqtwPmNKx/2qpLcxj+I0v2hG/i/OgC4HIBwadvOexqj9o96eso7uB+NAFsyN70jyrjofrVJjk/LL+tDE/36ALfmqeo/SkYwnrGp/CoFyRndS7cn7xoAf5Ns/wDyyX8qabO0PJiA/GkAYfxU7ecYxQBG1ladgQf96mf2bEfus3508sCcd6CWHIoAjbTUXP7xqY2l7uVm4+lTeY3vTizUCKX9nOp4nFI9lPn/AFikVcKk96MMTw1AyiLGbn5x+dH2KfHEgzV4llByaarg4OcGgVii1rOP4xULWU35+9aZyc0hJx0oAyfskoPpThaSHoa1OD1ApCQDwOaAKSW0ygYp5F4OACRV0Md3I4pxI7CgCjvugOYz+VJ9pmU4eLP4VcVyvXNL5gPVT+VICkLz+9EPyoN1G3WMVeGw8kZ+q01/KP8AAnHtQIvC2I/5aGgW8qtnzM1aTPHenZHQjFMoqCGU/wAa8U8R3AGAQasqB04p2ADQBXhiuC3OMVqW8cirz1qGNSw+Q4NaFosxkw6gr6igTL1nFI5GRxW9CVgQM4qjG8cKZP3scCmb3nbJJNJyFYsXNy0ze3YUy2t3lfgVbt9PaXBxWtBaJAuWH4UkrgxbK1CKGbtV159gwOBVKW6UdKrSXJcYBrXYkbezb261RLAk5qSR+aruealsY47SeKfEVLYIH1qDBPSpYzg9KBlon+7UbuV6qDTsjFMYg9TTEKpjYglBT3iiZcDiolwvehpV6UwKssDI/wAkhHtTWWfbkMD9RUkj7icUAEjGaBFXZMxxhc+lTrHdDkRKamjCqfmNWRIccGgdzOlSU/fhxj0qIyMv/LB+PWtbcHPNPwhPSgLmI00hX/VH6U9bgkYMZB+lbRhQ+lRtboe1Fh3Mzzvk+ZCPcVA0oByHb8q1zaAjpTPsCk9KLCuZKTFs4lI/CnSTfuwN/PqVrQawUH7tMbT1I6UDuZ+9zj5l/LFKSBksVHuKsPY7RwDUf2AsOAaBjfNzx8pHqDipNylMlcn1zVdrKRW6mjyJQMDNAErDPODTQoJ5U1EYrgDGCR6ZpyQzLysT/iaAuScAfxH8KbvAb5gR/wABqKV5U+9Gw98VCLknOSwFAXLYdd39cEVI8kfsPxNZv2kA53Gg3hDZypXPcUhl/dwSH4pFfPbJ9c1WF6jJgMgJ7VGbpA3EgoAuq2e5B9DQcf3QT7iqYmGc5U/jTxKrADK596AJ3RGXmKL8qhNrBjLWiMPamidVHQfnTvtAK8ZH0NAEJs7V/wDl1x9DTTp9ieDDIPz4qYXDE4ApfPboy0gKp06xxw8qn61Wm0+IcR3Mn41dNwR3bGagM43HJNAGZJaSD7tyRj1qs9tPj/j6HX0rUeUM33s+2KZIoKFtw/KgZmeTdL924VvrSFb0Dlkb8au5BHGOKZ1HakBQP2zPMYP0NI0lwv3rcn6VeJY9hSj7nINAGctxLn/j3ag3ZU/NDJVzgHlT+FINrdm/EUAVTexZztcfUUfbIiM78VZwnQ/qKa8MZ7L+VAEKXMRGPNH4mlLx9mU/jS/Z0IxsX8qabKIjlMUAODoPT8DS70Pc/hVc2EeflYj8aDZFR8rsfxoAsZGMhj+VOBBH3x+VVRazf89GppiuEPEh/EUAXBIuMFhS8HuKo/6QTwVP1pd9wByifnQItPED1UGofJiJ5jH5VF503eMfgaTzmXlon/A0ATeRBnmMEfSmm2tz/wAsh+dM+1YP3ZPypGu1PdvxFAEgtbU9UYH60w2MGerCmpcpn5mqRrqLH31oAb/ZyYyJGqM2PpMfxFTpcpjhh+dBkDd+KAK5sZB92bNMNrcjGJavrIoHTNN3DPf8qAKJguhyrA/jRi7HVc/Q1f3DHNNJUdM0AZ7NdA4MbCm+bcjrG2PpWnuU9abuyMUCM7z5B1jal+1sOzflV4IM5NNK47UAUTetu5B/Kj7YzDhCfoKvbQRyopPLXrgD6UAUDdMDyGx9KUXa91q7iPpxUbInGRn8KAIRdJnk4FKbiLseam2R4Hyr+VMMEW77i0AM85G70hYZOHFPNvBj7vHsaYbSLsD+dADhIAOWpnmkHhqR7SIjhmB+tQm05GJGoAss7Edc05GYc7hVb7MR0lNONvJgYlz7GgRP5j5PTH0qB5CckAUwxzgcOKZ5VwD1FIR0a3MYI+bFS/aEbo60820RYHaMUpsYWBIX8qZYiyg/xDNPDjPOCKiOnxYzuYfjSrYAfdkbr60AadnFucEkY9K3kMUMYPGfSubtg0LcuTWjE5fB60hFsl5HzWrYREkblqnZ2jSMCQcVvQotsgJwTQoiuXoj5SZ6e1QXF1zyaqS3RIPNUZJtx5NVsItO5kapEj4yTUMCk4q35EhTIFAFeUKBVKZwKtThkB9ay53JPekBYjlqZJMms2J8HmrQJ6jihDLZl4qMu2aiD+tOB5qkIcHJPFKI3enoVHan+eo4xTFcYIQvLUFsdMU2SbPSoS+e1MY8tg1IH4zUK5al5HWkBJ5hBzmniYjvVYk5yKNxHWgC2LjB60xrojoarM3HNQFuaANFb096lW95rL3Ypd+PrQFjX+1r3ppuFPeszzT6UCQHrkUDNHzVJpwZT0IrPMgA4NN81ieDQBoMFJyacFTGcVSVyeSakEuF9aALJ8v2qeF4wuMCst5cmp0YbOtAi84Rv4VNUprWNjnYKXzMdzTGnIpjIzYxH+AUyWwtyn+rXNS/aM0vnKy0gM86RC3O0LUUmiIR1BNaRnUUeepHNAzLGjIFwc/gaDoaMPldh+NaglQ96XK9jQBhS6FIv3JWFVv7JvV+7MfyrqcgjqKRRzQByv8AZ2pAZDVE0V+h+ZufpXZnoOKikj3DkD8aVgOPke+AwzL+IqBvthB4Un1zXVzWiueVFVns0VaQzl2S8HVB+FRO12gIMOR7V0TWUW7kfkacLOL+6cfWgDkmmuE/5ZuBTDdSqPuN+VdbJYwsO9V3sIh0NAHLG+bnINPXUVHBDCtua0jxjC/lVU2ijJ2IfwpDKK6lHnPP5VIuoxeuKe1pGTxGv5U37FE3BjXNACfbo853gj6U4XcLj7yioWsoh/Bj6VH9hiJ6MPxoAseemeqmlMw7DP41V+xRg9XB+tNbTwM4legC01wD/CaVZ+OVqn9jYHiY/jS/ZZx/y2OKBF0Tpn5uPwo3xsfvA/hWf9mmz8sv50vkXIPEi0DL6tFnk01ymeDkVT2XS8DY341Gy3WeYhQBeCoT0prrHj5apBrkf8sjSNJODzCwoEX1hBGc4/GmCNe5JP1qr9qkUcxuPwphvHyMKfxFAF3yUPUcUNbRkdF/EVS+3EL8yk/hTvtyEcqaAJjbITgIlBtkHBiH1DVCL2Id2pftqE/eOKAJDZpjgOPo1ILRO8ko/GkW754YY96m8/P90/SgCNrXb0uJMe4phgbPFwfxFWxKCOg/Gm+ap7fpQBTMDg/8fI/Km+TLkYnSrweIdR+OKRpI2HQcUAU/LnX/AJaL+FGJevnLn3FTmaM0m6Nu4/SgCE+f2MZphe4H8AP41bwgxkimEp6A0AVvOkAyYfyNM+0ODkxMKtgrnIApxYE/doAq/ah3Rs/Sk+1IeQSPcirOF3fdPuRTSmAfloEQ+fHgZcUv2iM96cVXun6UjRxOD8gx/u0AQvKmOopguEHcU2aBMfKB+tUzAQeQfzoAu+eGOQRzSzTER4GKrxwD3H40+S3LA4kOKAsRRXLBiG5xV1ZlbGeKoLYy9d3epNkkXBcH6igTO03Z42igE8nFVUuoyfviniVT/GKCiZyWYUKp3dajL+9PtwZJQm7qeppAWFhd2AU10Gl6a7EFhmrekaFvUSFlI+tbUgjtU2o6Aj3qkiWxFWO2jwB81VZZhzzUMt0pyPMU/jVCacdnB/GhsEiaWftmq6SFn68VXZ2bODTokctnIqbjsbEF2kJG7rVmTUcx4Q4rNjVAckjNSs0WO1K47Fae4d3OSaEjZlzTiqE5HFTR7eKAsQLDJu+5mr0dq5XmKp7dcsOM1v2kTFBlQKuKJZzoss9UYfhThZAdyPqK65YUAy22mOsOMBBn1Iq7EtnKfZPQihrUeoNdL5EZ5KKaaYLZusYFOwHLNat1CmozbN/dP5V1LWdufun9agOnjd944+tFgOdFsQM4ak8nJ6mukOnDHEpB+lQvp5HG7P4UhnPmMrTChJ5NdH/ZrleNp+tQnSHPGFoA56RTjrUIXH3jiujOjzZ+4pFRto8n/PD8jSsFzAA9809FJNbA0cg8wt+dB03y+fKf86LBczSpA6ZqB3IyNtaj27DjypB+FVpLPcf4x9VoGZ5kbPApAz8HFX/sAA++fypRaEfxKaAK6ucc0PIQDirDW57EVG1rIR2oGV1lJPQ1YWbAwc0R2ko/hqQRSAnKfpQIaZhjqaY1ynTNPdSB939KhMBYE4xQAjTADOagafng02RSpIxUGzJ6UDLInB70omzVXyj7inCI+poAsrLzSvJgcNVQxuMANTCshOM0AXBcN0BNTpckYJas0KwU880qu/TAoA2FmJGS1NNyc461nB3VelN8x6ANXz8jkVDK6laqiZsciopJ2PWgB7H5sZ604HAqpvyeafupWC5KzZHpUEi980kj8daiLjHBNFgIpAM1XbbUshz3qA4pDInXng1Hg5+9UhxuqJ2APBpDuOY8UwjPJpu4GncDFACBQe1OCg9qN2KN9ACEDHIFAiT1NIWppfPQ4oBkpth1EhxQbdSMFs+9MEhxgmnb+aBIY1tyMN+lMa3cnhxU+8ZpC9AFcwTKOMH8aZ5Up6qw/Gre7il8ygCoYZB03Uhhc9c/981fU5HNSZ7cYoAyGTGQVX8VpmxCcFIyPpWs8YbpUJhUnkUDM9rWJv4APwprWUWPuitBoh05qLyQpJ5IoEUDYxnpQbBeMMR+NaKbe4okXnKjigDP+xN2kbH1pDauejsDVwgikyPxoApfZJucTHPpimNZ3C876voOc8g+9OOR/EaAMzybnH3VNN2XCnPlCtMKykknOaGUH1/KgDMd5j1ix75pgkcfejatIgc9KaBu7CmBni4weVI/CnC7UHjNWivtTfLDdQB+FAEK3cRPLGg3CdnFSm2A/hUik+zw8/uxSEQNOv8Ae/HNMW4OflOfxqdrSLqFFVpbVEOQpH0NADzKeetMa4IHI/SmrCrf3h+NI9vjOGagBvmAkc/hipA4HOBiofJ6fvD+VO+zuOjg0ASm5jXgj9aRtkuMVA9vJn7yk0Dzox0FJgdOtpCxOMin/wBnxgZ8wj8aYt1HngkVL9oU4+cCgYw2gU8SmrVpavvH7yq3nrkjcKv2MylhnFAGxAs6R7VlfHoDTZkl6hmJ9zVyJlx1xxUc7Y5DA0XEUIhKCQ4qfcalDRsDyCahkYA8UhgJDVu3ORVBXUng1pWuAM0AOkBA4Jqr5rK2CTV9xkVTmjO0kUJASrMp6kZ+tXLYbzwa51NLN5cgGWRf904rWg8P3Mf+q1CdT781ooktnTWsYABNakcpVRzXIppusxY2aiGH+0tTiLxAnS4t2+qmrSJOq89h3pPtDZrmPN19eqWzfnR9u1tOtpE30amI6jzvUCjzExyormP7X1RPv6aT/utS/wBu3v8AFpk+PYg0DOm8xP7tJvjPYj8a5k+IWUfPY3Q/4BTl8UWw+/BcL9YzQB0oCHufzo+QDG41hw+IbGX+J1+qkVOdd09fvTgfWgDUJX++RTgw/wCeh/KspNd01zgXUefrVqO+tX6XCH8aAL4bA+/+lML8/wCsqubmD/nsn51GbiDr5q/nQBdBOPvA0gVj3Wqf2yAcecn/AH1Txcxn7sq/nQMtbCePkP1o8oHqqVAJB/eB/GlMnH3hQBN5CHqi0fZYj/yyWq/nf7VPEh9aQCtYQn/liPwqM6ZA3WE1YWQk9anWTA607AUf7LgA+4wpn9mQ/wC2K0DKR3ppmPrQBmPpKE8SN+IqJtHHaX9K1/OJ70GY47UrAYL6Hu/5aKfqKiPh89ihrofNJ6gUhkU/wj8qLAc42gyDqi/nUbaLIB/qvyNdOzqcZUU0un90UWHc5U6PIOsTD6VC+lOP4W/KuwyvpTTt9KVguca2mt6N+VRmwK9z+VdmQvoaYRG38P6UWC5xxtTnrSfZeeq12Bhhx91T+FQPbwE/cX8qLDOUaDHcVGYS3SupaziPGwflQmkRSdsUWEcwtk3fFONocdB+ddO+iQgcN+tVZNCQ5ImwaLAc3LajHK81XNqR0WujfQmI5kz+NQNoDjkSj6ZosFzn3tTj7hFVWtyM/Ka6VtFuezD86qS6NeDOMfnSsO5zkkP51C8DntW8+lXqrnbk1VezvVP+qP5UrDMfyWHY03y2P4VpvBcjOYz+VQmKbPMX6UAUgrYo2mrZRh1iqJvl6pzSArnikHNS5Rv4cU5Y1x0agCEk+lJk5q1sXPQ0hRT6/lQBVLEUu/ipjCvqfypRAAe+PpQBAH9KdhuvapmiT6fhTfJ9HFADFlKHOc1MkwYcjmo/IB/iFSJAARlgaAHE88GkyTxipNgHUin+UTyCKAK5HrTGUYq19nb0pjwNjpSArqozTnTjilCFWwetS4BHWkwKLDJqCRVU5BwKtzIFPFQNErjBHFCAgDrkfPSswAHNIbOADlTSfZICQcH86YATnnfxQGUD/Wc037HEegP508WcQ525+tAEck4VeHGaYt0uOcGp/scB52Co/ssOfuCgCNp1xkAfnSLJnnjH1qU2cJ/hFRtYxZ4BH0NAAZBjADCk85QPun8aY1kM8Ow/Gmvatt4lNAEvmKw7VXdw24YyKiaGYZxJ+lMMVwv8an6UCJgAOnWnDPcL+dVdlwp5AP0pd0y/ejYj2oAmZAvJ6U6Nk4FQGRs/6tvxpBLjqpH4UAWxt68UphU8kZ/CqhuBnBH6VKl0VGAR+NJiOg8pMcqKZ5ShuEBp6PkEGpN6qaCiM20RX/V81Zs4FjcEZqFiWAxVm3JB60mBspMDGagkkLcCoVc0NJt5xSAcm9aGckYNLG4cZodMmmBGG+atS0JPFZaxncK3tNtmPOKEguWI42YVK9qBESRV2OEKBxSXPER4q0S2ZNkgF5j0roIRz0rFsFBu2OO1b8IGKtEkyjAp+Vx2qN5kReay7jUlBITGfXNUI1jikAUVzUmqyjOHP4CkGpzk/eb8RSuFzp9qGgxr2xWDFq8iMBIVYe3BrTtr6O4Hytg+houO5O8SkdKaluM8gEfSpQc1ItAEa2sY/wCWa/lSPp9vJy0MZ+q1ayAODSg8UwKP9kWJ620Z/wCAipV0myxgQJj6VZ71KnSgCo2k2YH+pUVEdJsz/wAshWkfemH2oGYU3hrTpX3NBz7E1GvhawByFcH2c/410GKUKKBGUmiW6x7VaUD/AHzVWbw3EzZFzcr9JDXQdKQjNAzm/wDhGTn5dQvB/wBtKkTQrhAQNTuT9Tmt/b704KKAOeOiamDmPWpx7FAaQ6Zrq/d1pvxiFdKAMZpGAoA5k2XiJB8uqxt/vQ0wxeJV6Xlq31jIrpTjpTdtAHNhvE6d7J/wIppu/EyHBs7R/pIRXTbQKTANAHN/2r4hT72kxN/uzimnXNXH39Ec/wC7KDXSbBSGNcUAc6PEt6n+s0S7/Ag0f8JVj7+mXqf9s810GxM9qXy19BQBgDxhZjh7e6T6wmpE8WaXI2PMkU/7UTD+lbZgQj7opptYz/Av5UAUV1zT3GftCj6ginrqlg3/AC8x/nVk2cBPMKf98imNp1o3W2iP/ARQA0Xlq3SaM/8AAhTxLCT99fzqP+yLIn/j2T8BTG0Cwbkw4+hNAF1fLPRl/OpxgDqKyx4esj93zQfZzSnQIB92a4H0kNAGicHvUThQOtZ7aCvUXl0P+2lVLrw7PJzFqt7H9GFAGg7d81CxzWLJ4e1Nc7Nbuv8AgQBqudG1tTxrTn/ejFAHQg570xlOOtZUFjrSDD6hG5948VN9n1kdLi3P1Q0AWWRj3qCRCB61Wnj19V/dtaE+4IrPeTxIv3rezb6MwpWAvuOahZT6Cs17rXQfmsID/uyGmjUNU6Ppv4q+aRSNEovdR+VRPDE3VF/KqLajdLy2nzfhzTTqzj71lcD/AIDSAuCytz1iX8qX7Fbgf6paz/7dC9bK6/74preIIh1tbkf9szQBoGztz/yypv2K3/uVTXXrdhyky/7yGn/2zaZ5Zh/wE0ATtp9t/dP50G3hVNoX8artrFp/z1/Q1A2vWKnBmA+opDLH9nxZ6tSHToz/ABNUMeu6e5x9oXNTDVrL/nulAhv9lI3SQ07+y0C43nNA1qwU4+0x/nTv7Z08/wDL1F/30KLAR/2UD/y0NKumFTxL+lO/tnTx1uov++hUg1OxccXUf/fVFhXEWwI6y/pTZbMoPkcmnnVLJBzcR/nUR1WxbpdR59N1Kw7mfN8pIKkH1qr5pVunFacpjnBKMG+lUJEGSKADAlXiqjnyzg9Km+aM5GcU24TzI9w6ikMh3Ag5FKdp6VQmnkh6LmohfSt/DTA0shevSkLkn5Tx6Vmm8lPr+VJ9rlHqR9KANMNjnHNAbPQDNZwv2H8NOF9z9w0gLhdueMU0MWNVPtmexxSi7jFAi4T8wG38aY3Q81D9sXH1qI3S9j+ZoGTFM5J/lTWjyKFnUjr+tNaVT3P50CIWU/WkwVFOILHipFjBHPpQA6NflDYp+EZsFAaVEAHHfsadnGBgCgCNoEycxr+VN+yREEmNasFlPPAphJIwKQmXPsagjDNge9IbUZ4kanpdRAY3EfWni4i3E7hQNEYtZM/LKatW6SKRuYmmpcRltu5TmtGKLcAVxSYxAwUU/IIqZYDjJGRTGUJxjFIAUbRxS7vWgdKaxHaqAng+aQA9M11OnxAR1y9qMyLxXXacp8nmmiWWNtQXYxCcVbPFVb7/AFNWhGfp3NxIa1/N2LWVpv35DU13OVUgd6oRW1C7Yk9dg6471iy3cSgu77R2FT3lzgHLcKK5WWdrick5xngVnKVjsw2F9pq9jVl1vHEUYx6moU125VslEI9CKsWllHcQfNCQ2ODWZdWksMpXy2wPasFWu7XPQp4eg/d5Tbt9UtrxgJI/Lk7EGtKOZ4XHp2YVxOWVvSuh0q4M8Wx2yRWsZ3OXF4OMFzw2O0sboyrgmtNOma5iwlMcoSumi+ZAR6VsjzSQ0LRTlFAx4GakGRTBUnWgBTzTMU7p1pM0wACkJ2jNO4ppGQQaAMu91lLVseU8p9EGTVZteRhujV/dSMEUzUbdIrgSqsm//ZqGW0yFZhhzQBbk8Q2sEYeRZACegUk0i+IYnZSiuUJ/u8isu5ivrW7WSG285MYp8WWkjM0XlOx5AoA3Jtbs7aMPNLtB9Qaa+uWhh82OQOmM5WsC8tnguDPC7yZ4CkZAqJdOulnNy8gAYf6vHSgDbHibS8AvOV/3lI/pTl8TaQ3S9j/Osy7ysSKV3Lt5AFZEXkRlhZsBN1YSxkrQB2C65p8n3LuJvo1Kmr2LE/6TGD6FgK5u18y4JjurWAsP441xVtdNtNjPJbRuM9SoNAG+L23f7s8Z+jCgzoyna6/nXE6ubO0KCDT4izHAyMCrVlp9pcWweazEchGcI5xQBZ1GSdZvnhu3j/vW8uMVYsLmaEArPNLGf4ZvvD8a51lgF08TWtykaj/WJK38qnt9OhnOYLu6A7kSGgDu4pVljDDvUorG0S0lt7cZuJJFzwHOa05o2dSFkKH1FAEtJisa4a5tQWbUVAH95BTILu+njLJNFIB324oA3ADmncmsq3urqNGMqqwHp1qaPUnlTdHFsPYScZoA0lGBzSFsmsd9VuQf9Xbk+glFVW167BIFgXHqkgOKAOgJppOa5tfENyC3/EunkA7qRxUX/CZRiTY+n3ob02A/1oA6V1BFV2UVlDxPC3Wxvh/2xJpD4ks8/PHcxj1eFgKANPb7UYqi2sWITd9pQA9ycUyLWLWSYReauT0OetAGgwBFQyIKkLgDcT8vrVc3tpuK/aI8+m4UAQyxj0qpJF7Vom4tmHE0Z/4EKgfymPEif99UhmayYHNR7M1edEJ++p/GqzlVPBFIZG0a46CoTGv90VMzj1qv5oJxxQAhiQnlRR9mjIzsX8qdkHqRSjp1pDK7W0XeNPyqB7KAn/VJ+VXmHtUTA9qQFQWFv/zwj/75FPFjbHgwp/3zU65708ZAoEU20q0zk28f/fNA0myPW2i/75q72oHBoAoHSLIdLWL/AL5py6XaLyLeMf8AAav9aMUwKLaZaN1t4/yqtc6ZaJESLeMe4WtcCq92n7k4pCMi2ULuC8AUyVec1LD1cVE4IJBpFELDmlVQwINKVOOKjYMOlAFW5iVG5INRKkR7D8qZdzFGG9WI+lRLdxdg35UgLZijxwB+VMMCdQFqB72I8f0pftUOB81AEot4z/CtL5QU4Cioxcwlc7v1qNrqLJwxH40wJmjz2Uj0xTGt0I5jT8qZ9rj6FifxpPtUf94/nSEKbeL/AJ5jNRPbQjqmKlWeIHOT+ND3ETcBloGQG2hPQEAUfY1IG1mFSCeEDBYUI8bEbXH50CIjaFT/AK0/lTPs8oOVlB9AaubgB94H8ablfUZoAhWG6A4Kn8aUi56FFP41N5gGPmWjzgSAQp+hoAhJuB1i/WmmaXHMJqwZSeMD86BLgDKfrQI1PIQ4+VTSiCNusa1B9nuy3yzIacI71eyNj3oGWFskDBtg/Cta1KomCpFY0LXgk+ePg1pqJCg4OaljNdZIggBqGaON+lVxuEXzAk01JOcUgFZPQVGV71PTGJzVAT2gJkUYrr7EYgrk7PPmjiustP8Aj3FUiWTVUvz+6xVsDrVTUB+7AqkSyrpowrn3qWSJZ32ml0xD5DfWo7h5Ld8ouapgjndeh+ywSBSTnvXMR5Dg11urpPeW77o9vua5IEo2D2rCaPewDTp2Ox0di0Iyc8VYv7iO3iJaMHj0rF0zVYLaIhzz2p02sJdSbAAVPXIryfYz9rzdCHSlz3sY19crcSlljCirWisy3HFR6jGiupTGD6Vd0aNkdXKEgn0r1Kdzeu17FnTwKxmRtp6V0doSYhWTBcRTgBByvFbNspWMDFdR869yfANKBTWYRjJNVG1W3STad3XGQOKlsdzQUU7pUMUyyLuU5FTE5p3C4jHNNwaU0DFFwF69aKULnvS4FFwImQN1qhc27tKCF4zWmcU3ApgQrF8vIrOm08yXALL8ueo7VsAUEUAcxcaJqCyE22pOiHnayg4qNdO1WCT9/eC4Q9tmMV1GB3pCoouBi32my3Fupgk8uUDgmsuLTtWfK3Rh2/3lHJrrtoprLQBiwQLFE4xzmrFvEJrd1Pr1rQ2J1wKERV6Ci4HKXrTWEhWfT2uYiflZRnFPs7i4mdZPsphhX+9xXVsoPao2hVlKkZBouBymqvLJEWhhDBuG2nkCmadCsCIEDKCOQx5rUuPDFlNK0g81CeuyQiprLRVtW2+Yzr23HJFAF3TR/ow+tXWQOpFMhhWFNq9KmA5oGYU2nPFcNLIgmi68npVi38sq2wBRjoK1iFYYIyDUK2ca5IHWgRSJRIHaQHb3I7VEsMUsBlilaXA4B7VpLCqoyMAwPrWeli1pOXtz8jdVoA58QxXdw1u9kyt0Z+RmrtnZR2beVHnaF6ZzXQ7AwzjmqJsnExYHjFAzMZWG/bUlvaIlk0hGXPJq2tk2Xz36GqAttUW6CKV8jP6UAYsuoXr+dBZx7XB4Y9BV/TBqElq6TussgHXFb/2KMKSEAYjmmWcHls4K4yaBHnVxpeuPqzSS2itbZ+7xiuk0m22SIGQDj7pHSuseJWXpWSsDJfAlTigC1gYx29Ky72xsd5lCL5la7J3qlPp0Nw4dgQw9DQMyoRbzvteyVQP4scGpbqCwT5EtlaQ9ABWk8AiChV4FMvYIWCyGNt4HDLQIwlsF3ZngWMegY1nXsNuSUt4XZvZiK6SKN3dRIpIPrVO+0wQ7pbclWPVe1IdznIbdwxWdXX0KyGnm0UyjM0gX1DVIbG5mcuJjHzyvrTtuJVjbntmpKM682Q5WO5uWb0Vq0NK84xkySyN7P1qpOFtZWMUgO7+AitDTnLqxIwfQ0AXGFNp7c0wjFADSMnNLSilxSAbmlxRSZyaAFGc0+mUoNADhiorkEwtg1Jmopv8AVN1oEYaKRK9DZPWnIc3Dj2qOYlGA7UAOCjFIyZFPUZFBpDM64+U9MioRtxwuPwqa8OM8ZqvHKATx+dADWUE/6tT+FHkpwTGv5VKTu6Cjeq8HmgBgghxzEp+gqM29vz8ij8Ks+YmODzTC4JxjNICH7Pbcfux+FNNnb5H7v9askjHTFNJ46GgCu1jCOQtMewhx9z9atgAjJ6Um1Tj5ulAGedPizxuB+tKLBOPmYfSrpCqetKuGGMUCKn9nIc5dvbmmtp6KMiVgavhegxTHQA84oAppYq/HmtS/2eFbHmVbRVz0qTYvfANAFL7FgcOfzphtj1Ep/GtAqCaY6gDp+VJiNIEDml3H+7SBk4zxTlkjBHWgZJGWLcZrRibjpVOLY3QGribRgA1LKRL2waiwN1SOuRUR4PFCAcDimk5PSkBpAfmxTEaFkP3grrbVMQLXJWJ/eiuttsiEc9qtEskKmqGothAO9aPOM1majzViJNMU/ZufWnXkJK7l7VJpyEWie9Wnj3DBpiObkinuPlONvQ1zmraK0Dl4fmHcV2tzbvDl4+R3FY09uLiQukzI/wDdbpUyjc6KOInSd4nEhCpwy4xTgW3DYOldPNa3Bba1qsv+1imwWsm/AsVT3IrP2Z3/ANpxa1iZlpp9xfMCVOK6WxiaxAjaHdnjNLBbzxMrFlVe6gVsxwtcYwMD1q4xscVbFyq6dCS0gRnBRQB3rYUYFV7e38pAAKsjgVocxR1Bii1VdvJtgVh3g8nFak0Czptas7+ypQcLcsE/umpaJIIrsurLCDG2cYqdLi5gIDy+ZzjOMU5tJAjwjlW/vVJbae6HMspc9uKVmANeny2OfmFZ02pSrIB52wjrlc1rLpqiUuWyD2qGfT5vMLRyLtPYihphqVF1K4lT92wz64pWvb9dqqyE+uKtJpzDBL5Pen/YmMmc8fSizDUpf2pc4ZSFLgdqRdSvxgNHGSfepv7NfzWbcOakNi+8HPFFmGo3+1ykZ80Krgc88VDFrjlj5iJtPQq2aJ9Kd95wrZ7Gq0Wmyjj7JEmO4pahqWm1efzCEt9yeuaZ/aU8kqbYztJ55qZLSQI3FQx200LKTGSM54p6j1NWS4WOIMRz6Vnf20jFlMMi+hI4NWLxJHgyiknHSsotLPGIhburDjkUO4Mntr2Se825cKO2ODU15qn2VwpB59qdp8DJIdy9sVDqa/vASpx64o1FqOh1uIybZWwO3FXmv7ZE3tIAvrWYkAZWbZnjg4rPljmXGZPLXP8AEuRSu0FzqIbiK4XdG6sPUVSvr6eB9sMaufQnFVdKDB+ZVcf7IxTNSgmluFEUhQ564p6juXbbU5C+y4g8ts9Q2RWiJ0JA3DP1rEbT51TzJJy5HPTFZwNw8xYRoSDw2/BH4UrtAmdhvX1xRvHrXOIzXKBJ3K8dmqCaWRXMCysFx1zRzA5HTyTKi7ieKbFOkq5U8VzjiS0jXEzyBjzuOah+2zJGyKsvLdUHIo5hcx1LzIh+Y4oDK3KnrWFZyzTrsk80j1cYqGW8uILxYzI6IOh25B/GjmKudGSFBJ6VUfULRX2mdA3oTR5pe0JJB47VzjTIJpVls2fJ4YDIptsLnUo6uMqQR6ipMDFc1BefZIGf7idgT0pYtffozROc8bTS5gudHTGC9axU1e7LFmgUReuaspqQkXp2z1p8wXLbYpmQOKxbjU5DMTGjHB6Z60+S/aVBlWjf0NHMFzVJB60lZ0N2iIpYsWI6Zp0OqJLIUMci89SODT5guXvlxnHIqvMAwOaZc3kcC5bP4Vmz6tG0JKbwfdaGwuLLEFbgAVSkgTeGwM0sN1JNCzlyfQEYrMku7tpWCSx7R2I5qbjuXWt43bLIpPripY4kj6ADNVI75RHulIBHU1It/buu5ZFI9aVx3LB60wmoVvYJSQsqkj3pjXkIO3zFDehNO4FjrRVJL1Wl25GPXNWPPjcfK6kjrzRcCQ8UgqvJdIpxkfnT0njZQdwGfelcCWnqKjMif3hTXuFj5yCPai4ExU1HKD5bfSnpIsihlYYPvSuvyGmBz6ZW7bPpT5Iw2PWnugFyfxqJ5SoOBQCFUEd6ccA1HGcnNS9e1AzI1WMsh2Ng5rJW3nP/AC1rc1EqOhxWeCS3BpAQrBdA/wCtAoKXH/PRT+FWSSOaeHJWgCltuR1ZcUE3A7oaulgRg01lBwcflSAqGWcD7qn8ab51x/cH4Grrbcd6XaOueKYFMTXIx+7B/GlM9z3hFWsCkbAFICi1xOT/AKn9act1OP8Al3/WpioOcgmk2AdCR7UAM+0z5/1OKT7TMf8AllVjJK4FAUH8qBFc3Mo/5YHmlNzIf+WR6VPj1/WlGMdRQBV+0Sj/AJZNQ1zLj/VNVkgNjPSgonY0mI0M8YowMg5rMEd23Zvyp6293kZVh9KCjYiZgODirNvvMnzHNZ9qkg+/n8a04Rxk1D3GWmcYxmoC/wA1MlyenFQxq+7npQIudRzTR1oAJXpSIp3dOlWgNPT1JlH1rsIfliX6VyOmg+ePrXWx8IPpVIhjz0rK1D71apzjpWVqAy1WhGnYqBax/SrB+lRWq4gT6VMfpTERlA/WoJNPhm+8gJq4iHrUypQMxW0dQco7qPTNPXSQeTK5rY2il2imKxnx6dCmDtyferSwhelT7cUoHHFAxqjFPpMUh5oGLilC0qg0p5oAbgUoAzTZCyqSoyay11K4M2w2x575oKjFvY16QioEukwN7Kp9CaebiP8Avr+dIHBj8ClxUYmQ9HX86XzF/vD86A5WP2+1J+FIXAPUUhkGcZFArCnp0pMUbx60m73ouFh20UjD0oBzSOyqMscCgdhAM0GP2pFljYZDgj61IGDDgg/SgOVjVQCh0UjkCnEheppNwboaBcowRqP4RTHt43XayqR6EVNijj0oCxFHbxxDCKF+gpzQoxyVGfWn0A0BYaUBGMDFU30q3eXzNmGPpV/IozRoFjOl0yCUAbcEdxxVS50lSm1VPPU963M8U3NKyFymbDpMaoAzO2PU9KSXSI2UhWZTnORWpTSaLILFC2sTBndIzn3qvPpkkku5ZyF7qRmtfijtRZDsU4rXy4PLzUK6eAHDHIatDIppOaLCsYUmjyEMquMdgarNptwi/OkQA7qK6Q0xlz1FLlQWOet4Lx0ZGVCmcAg057O7t8eUiuMc5OK3AAvbFA2npRyi5Tnfst5GxkEIYk525pXtbm4YOYimO2a6LaKQgU+VBY5s2dxhCE5UHIqW3ll4ja3YEdz0rbYCose1HKOxkagkgG8IWHcCs1la4dWWJlA65FdK6g1EyClyhYyEhxbEY5rmrmK2Fy/mhg/bGa7h4wRVKa3U84ocQscczskbYGE7FhUcJLOAXVv90YrqZYFPBUEVX+zop4UD8KnlHYxZYFjh3RoAfUd6ru1uR85Hme/WuhkhVkxWXLpsry5Loy+680rCsUUkChD25pE3BiyoqgnqDya3I7KMRhWUNSx6fAjZEQzRYLGVJBG6lyf3n1quBNIFXYrAerYrfbT7d2BZBmkk0+3kUAoOKOULGJ++2Fcpx/CWp8UgYbGVl46ZzWm2nwFduwVJFYQxjASiwFS1jEDKUJGfetduUPNQi3j4AXpU5Xj8KpIDFkx9p/OqsoJzV6RSLgH3qGSPk/LTKQlvAWFaMNjvxnpUVouMZrWjOEoE2c1renRLESCQfaudW02niRx+NdRrsuYyprnI3ycZNS9xoPspAH756QW8oOBM2Pep8/LzSrgjg9KQyuYJ+nmnH0oWGZf+W36VaG0fxUHjGaAKpim5/eA/hSGK4H8S/lVvPHBFITkUwKhS4HUr+VRkXJ4GyrxxjnOPrSLweB+dICiY7vHBWkCXhH3UzWgW5xikJyfu4oAomO7PRV/Ok2XgHCqfxrQzgZxSEnsKBFAm7ByYxTd12DkpxWmc59Kb+JzQBmmS5I/1dIbi5Uf6s1qHj/69ISNvQcUMRpZPHFOI61W85CvGaFdGbq1IolZ+gyatWwO0HrUQt0ZAcVat48LisyiQqPSlRM08gDIpyDApoQbcCm5ANPY4FR7hmrEamlf68cd66gNgCuX0c5lGK6gAgetUSx24kVl3xzIB6mtIggZrntXvWt5VIieT5ui9atEs6eAYiX6VOBmuah8SgKA9ncL/AMAqwvia3X70FwP+2ZqhG+oNSgVhR+JrIjLLKPrGaf8A8JRp+Ml3H1Q0AbeKKwx4r0vP+v8A/HTTh4o0sjm5A+ooGbWaAaxx4l0s8/bI/wA6cPEeln/l8i/76oA1s0lZg1/TCf8Aj9h/76FPXW9OJ4vIf++xQM1BS1mjV7D/AJ+4f++xTxq1l/z9Q/8AfYoAuPwD9KyW3faTj0q4dStCOLmL/vsVH9rtCxImi/76FFi4SsYVz5kl2dzxjb0DClCGZVV2Lc9q1neykbJaIn1yKkWS27FPzqbHR7dWMbyRGrsNwx05oQpJIGeVtyjpurZYQOhAKc1WisbcSs7bCe1FilVj1KXmtOojkkZBnrmkEshkaISsVGMEGtWS1tpgAyKQOlKtpAnAVRRYXtY9jKupWj2IskzHvtaljmuJ02+a6HdjINaMunWsz72HPs1PSzhi+4MY96B+1jYoC8ltpBE8rE471ekZns/nOSwqs9oZrsMygAHrmtFo1dNrDigiUo9DAhlezQhySjMcZqf+0Hiti0cirz3Ga0nsYpIfLIyKpvoqAARyMuD9aRqqkHuVWv7ieMlZBkd8VNFfyR8YBbHJqX+yyEI805PfFJ/Ze4Z8w78dcUag502C6rcIAJY13Hpg06HVpif3sKgdiDTBpkjMDJLux04p8mms0YVXxjvQT+6CXVikhUoNvruqSzuWldsscYyKzn0icyEnYc9+9X7K0kgyG9MUajkqaWhDLdSifYJCBT42uY1En2guD2YUyaymacuoB4pyJdtGImhAHrmgXu2L5uibff3xVES3zt5qMuzP3SOtWvspFrsB+YVUSe5iHlfZ24PBHSmSkiy2oxwxjzsqfpTjqVuFBL4BrIvFvHA3o3J/hFMgtZW4dG5P8VK7L9lC12zVk1aBMYcEnoKtxTedCH9s1z8qeXLteIk9jitiA7LMcEHHSmjKpCKWhDJI73QVWIGaS9vpbQbhbtIvfaaLUF5ncg8cCkvoJpVIjk2/UVRgVRrrlci1c/Qimf8ACQhWKyWswP0qCLTvsr56uTyaddxXb27/AGVUZ+wagQt1q5kjwkMwJH92qttqUEZB8y5Eh6hlJFLarciNRcriQDnHSo7mKQFGZspnkDrQBsJrNvsy3mfXyzT4dWtJ32pIc+6msqW3uJrUmJvk7r3pmmWzwXJ8uB8HGSWoEdBLMkUe9yAvrVE6tYE/8fMf51euEZoDjriuXkt1adjlQ+cZB5H4UAa76pZngXCfXNZV9qLBx5M4C+qsCfyNWE08lMuA/PGRWbqFu/mFY/KQg9wKBl+z1NXAWaVCemc4NXHlibgOpP1rGS1t5UKtBG5GM4UVVjtYluyBEIwPWkCNqROM9qqS4HOauiMm3CjjiuY1C0vRcEqzMO2DgUh3LFxfGI7Y13H0zTobouQJY9h9jmso2f3mlVmcEdCarOjPMyx70A7lzmkB0+8etPVga5oI8T4czFNvBWQ0I8guECXEzAnoT0oA6jio2YUy2DGHJJY+9Zd9Ldxy4UED270AagAPepkU4rBiaZstLLJGQOgq5ZvO1xt85mQH1FAjWEfNSGP5anSPK05o/kNMDnriMC4GPWnoqhTuHFTSoBcdOaTysqaQCIo3ZXpVgEjio4I/araxigDn9di8yA4OD61y62Uo5Wf9K7HXBtgPSuXSQE4PFSykQfZ7sdJgaAl6OBtNWt3vQGXnnmkBWxfKf9WhFRvJdhhutuPatEOAOtG//aoAyzPIvWJ1o+2bQAVYfWtXfwQWH0NRBgeNoNMDO+3jGDnFPF6m3g/nV4rGTgop/CkaGDGDEmaAKK3gLct+RqT7Wp7mpjbWxHEQz7Un2S3OcxikBGLpM53Uv2xRxuFSCwtzj5MfjTDY25P3OfY0AH2sZ69acJxnqKQ6fAMfe/Oj+z4D3cfjTEPNxnsPzo87PVV/Oo/7Ph/vt+dNOmIORK4/GpCxKRcj7sVS263JblCKtqjAjNTRgnt0oYyxFIVjAI5qeJqgAOcYqdBjBIrMolBzQWwKTvgU8R+tUhDGJxmos81O+NuMVDtFUI3NDXMozXUgcVzuhR85rowcCqJY1l+U1z91k3qDH8VdC7fIfpWA436igHPNWiWaseO6CrCeWeDGPypkY9qkHWqIuSeXFjHlL+VJ5UBH+pX8hQG5oLYHWmK5GbW1P/Lun/fIphs7Tvbxn6qKfJKiDLMAKzp9btISR5gJHYUhou/2fYn/AJdov++BTTpent1tIv8AvgVlr4kti2MGrEWvWkrYztPvQMtjR9NbI+yQ/wDfApDoml/8+kX/AHzU8U8ci7kdTn3qUGmguUm0HSyP+PSP8qj/AOEd0s/8uqVp5oFAGWfDOkt/y7KPoTTT4V0rHEOPoxrYFLQMwm8Kaa3/ACzcfRzS/wDCJWGODKP+2hrdAOaf1pFI5/8A4RW0HSScfSU00+FYM5FzdD6SmuiI4pMGgZzZ8Kr/AA314P8AtqaD4YlH3dVvh/20rpu3NJjmgDmm8O3Y+7q94P8AgVL/AGHqS9NYuD9cV0nFHHtQBzP9jauDxrEn4oKUabrq9NUB+sddJxQQKBnOi08QqeNQiP1jpfJ8Rr0urZvqhrowARRtFAHN/wDFSAdbVvwNJ53iNesFqf8AgRroyoqGWaOM4Y4oC5g/bfEK/wDLnbt9HoGqa6v3tNQ/SSt8MpGcimvJGnLMAPc0Bcwf7Z1cfe0hj9HFA1/UB97SJvwIrdWWGUfI6t9DmngLilcLmD/wkdyv3tKuR+ApR4oYD5tNuh/wGtthGOpFMZ4gKlyQ7syh4pi/itLof9szSHxZZj70NwPrGa0i8Z7VG7R90/SpdWIalA+LNNP3vNH1jNA8VaUT/riD7oatkwnrGD+FNEVs3WJf++aSqxY9SD/hJdKbB+0KPqKmXxDph/5e4/zpTZ2Z6wR/98ilGkWD8/Z4j/wEVakhNscut6Yel3CD/vClOq2L9LqL/voVE2g6cetrF/3zUZ8O6YetpH+VUSWhe2b/APLeI/8AAhThcWw+7LH+BFUG8L6Wf+XVeaiPhXTB0gx9GNFxmt5ls38aH8RSGO3cDOw49ax/+ET04nhZB9JDQfCNj2acfSU0xG0FjUYUgfSnRhEzjFYX/CI24+7c3a/SY0v/AAi+OE1C8H/bQmgDoC4qM29u77jGm71xWEfDU4+7ql2P+BUf2Ber93V7n8QDQB0H2eMdKp3mk2d4cyxKxHfvWWdF1Qfd1mb8UFJ/ZWtgfLrLfjEKBGgNJhiUCIbR7VBJo6vL5jMxNVPsHiFfu6tGR7wij7N4jX/mIW5+sNAGkLYqgX0FVp7TeCCKpvF4kHS5tD9YyKryDxIP47RvwIoGObSxvY7utVZtGDyFt56dKGbxEDzHaH8TTDJ4gA/49bZv+BmpsAHR/wB4GMrbcYIxRPpO9lKFVwfTmmi514fesYT9JKQ32tDrpin6SUWA0be3McYU809rdW6qD+FZqajqvRtKP4SCnjUtRHXSpP8AvsUWAdJpTTSZDleOoqS20ea3l3earg9fkAqAavqAPOkTfgwqZdavwvGkT59MiiwG6qYUUpjyprFGs6kR/wAgiX/vsVIuqak450t1/wCBinYRFcQ/6UMetIUPI5p8U8s04Mtu0Zz3qV2XccDmkBDChAqUnbUbSEH0qCWYjvSAztfkJtm2jJ+tcd5sqnJhNdLq8u9CCeKw/k6gc1LKRELkgcwuKUXag/xA+4qcBT1pwjB96QyBbyMn5mp5uIj0cfnStDCfvCo/ssGDigByzKf4gacrLng1W+zQE9CKk+ywjpIw/GgCRpAG+YflSmZPTOarNbLx++P4mj7OQMiXj3oAsiRSOeKN6E8EmqwifgiZfxFKFuAfvpQBb3gHGf1pRIQeOaplJifvR0ojugf4PwNAi0zjNLuB9arj7QV6Jn60oS6A5VPrmgCcsqimh8r/AEquRcjnYtMP2nGSi59jSAtLeA8FXq1bXKHoXz6GnqozkgfSpsAJkpikxocJX347GrqHdis6MhpBzmtSJcgVmWPC1KDShMU7A61SJIXbbUR6g5qy4HpxUIGWq0I6bQUytbjcYrJ0MYi6dq13qyWQygmM4PasiGNv7RGewrXncLEfpWRZvvvnOegqokM11HFO5HWhRxmqeoXPkRHntVEE0l3DF9+QCoW1K2OcSiuQuL3zHJwSfrVNrh+eaCkjb1XUmclEb5fasKR8nJzUD3BLD19qfvYgcZoKQq7ick1KAB3OaYCxHFPALDJFAFuG5liH7uRgfrWlbeIZ4SBKN61g+Zs7UCbd2oHY72y1OC8UFHGfSrwavMrbUTYXiyAYTPNd5YajFeQq6ODmmS0aQang1ArZp4YigCdetPFQK2TUwNIpDqXNJkUUDDOaa+dpx1p3HamuflOOtAGXPc6gkhCCAr2yxFUpNU1MNtFvEfcP0qpqukX15fq4kPlA54OKmt4ZYJNjsSAOCaAEfXNQgBdrMOo7hqmj126kRX+xHB9HolkkitpWij3n09axtPv7mSUi5t2h9Bt4oGdna3DTxBmQoT2JqWWZYkLMcAVQjiZ4kKSlOO1QaqW8nbuIyOtAFebxRCkxjjgllI6lRVLUNYjuoijWt1GfVRgirRtESyHkkFgM1zd9aXGoyKfO2hOoDYoEBvru1YSJcXzKP4XTIp9xraXgjW4WcKT82ENWoptkHk79+0YyaHy0SfL3qHIBiajo9qB9neSGT6HmtGLxTa+WFkmw3qVNcxqMdtNegSXoj287BwasSXBitCyqXUYCsR1qHqB0DeIbJ+tzj8DTo9ZsT965T8a5mK71OadG8mNIDgAFRk0ak8q3SRiZYmI6eWDk0vZjOxi1XT3YKLqPJ/2quybGhLK4wR1ridMsLlrpGuvLcFuMIBXYrF5ce3Hy1nKNmM5241m9s7hkSGKZM8HzBWjp2sw3q4k2xSd1LCuc8RWwkm228MQY9WqHT7K1niMdxGm8Dl14pqKsK53Hmwn/AJaL+dAnUdJB+defyxW9jIEiie5UnqrHIq06Qx2ZlSFt+eFZyKag+4XO4F8FPLCpVv4GYLvANecotxKyr9mZc9WWYkCr76LlYylxKpb/AGzxVJOIHoCyKe4oJz0rzpra7s5yk2oylc/Ltfmuk0VZRktdyygdA5zWiYjoVHc0kjbUJA5qrc3Xkwlu9c5czatOpuEujFEDwqqCTVIDXbxDawSMly5jIPdTWha6hb3iB4JA6+1cVazNqQKPqREv914lqxZQ31lM/l3SsMZxsxTA7YsMVj6jrAsmChAzHoC2K5//AISi4ikaGVsy5woC1Hem5ubbzbu5tSvXa0dAHQ2evCZxHPC0TdjncD+NbKsGGQMg15pYNdy5Fq8IQdPlIFdxost09uoudnHGVoEagQUFPanjFH40AQsntVeRcdqu9eeKhkANAyiY89qPLAGMVaK8UwrgUgKpiA7UhiHpVraT2pDHQBWEK0vlD0qYjFOAyKAIhCO61MlsrDpT0Uk1bjUUxFE2+OgpBEf7taJQE0hizQBz14oEvAxzWdMf3jVr3277RtKd+tZ80amU5GKTQIzGYluKRopJOxrSSKLIqcRIc1NhnH6zAY4GJBPHauYWUqeUc13+vQqLR2Uc471xPOeIx+dS0NEJuQT/AKtx+FC3W3kFx9RVyJWJzs/WpmT5vmjNIozvtYb+L9KcLrA++p/CrhiiOf3bD/gNIEiHSM/itAip9qB6laes6kE5X86mZITwEB/4DTRBAxwVA/CgCF5B3VcUolXb9xakNlD1AU/jTVtITgbQD9cUANEwA/1f6U8SLgkxmmmziyeSB/vU8WUeOHb/AL6oABIvGUx+FJ5yE9h+FAslY8St+dNawB/jb86AHedGOcilFwn4fWoRpq4zvaj+zx65FAEpvEphnBBPamjTo/Uk0v2GJTyp/wC+qTEa6LJjO3OaS5lZU5GKnjvoMdCPwptw8c44FTIpENnhznPNa8RIwKzreLaciryFhUJFF4MMU4EEVWEny808TACqEx0nSoh1FEkwI60kThpVGaok6/RAfIya0nJFVdJAW2BxVmTkmrIZWumxC30rN0zm5kY1o3f/AB7mqWmZzKferRLNZXUDmsDWjGynMmPathskVyuvKwOaslGNcSCPhefeqfmOeAKmKluW6CrlpCsj/dzSZoivbWkkrAkVeOnsgzya1be3VQMDmryW+Tk1DkXynN/YpccKaDZ3HQCuqFuOwp4th/dFHMHKcc9pMgy0ZNQlMA8YNdpJbqQflrndWs9ikoMGjmDkOWvZCJMdhVrRtXeyu0+Y7CeazLpJFkJOTUCSHPAq0yWj2a0ukubdZF7irSkGuP8ACl60kIjfPFdehFMkmQc1NnbTUpxNIaFBB5oNNBp3FBQopCM9aM0maAGlBVd7VWOatHFMNAEEVusYI65NJLaRyjlRVkDFBPFAFRrTO0LI649DS3VmLm3MbEjjGR1qxmlL4FJsDnrDQJrK4aR7p5EPRSaran4ftbufzAzxv32NjNdDNNngVFHHvOWrGU29EBiR6OsNuEiHPcnmrCaa+yPpx1rZKYpeAKcVbcDn9R8M2l6/nBdk46MKS2gaCP7PdwqwHRgK22lAbFOwsi8gH8KfMhHIz6rZJfrAoK7T6cVrtbW14VkaNGI6HFPudFs5JDJ9nTee+Kfa2ZtxtzxUTb6DEFs4uEKr8oPatVgNmKbFH0PNPmHy0n8Izj9b0D7dP5sUjI47A8GptHt44U+yzwBW6E+tbTod1WYbZXALKCaijJt2YmZQ0O1tld4o+T681UGmQ3cMkU6kAnjHFdHLEQODVVU+aqnJp6CMlNMSyttkKsR6nmn+Ux8oYPattQCuMUvlqOSOlbJ6XYHKap4Wkurr7THcFSO1X9It5rdSshyRW8jBhjvThGpPAAqZarQZm3uWtzkcisX+24nT7IsLl14OBXTTQd6ght4RKSY13euKmEmtwOYt4zezKEtyjKeWK4rTht/NuGiJI+XGQa6AQrjIA5pi2iLJvC4b1rdMRyM2lz6ZKWCrMjHqR8wou9ORreO5EgBHJVhkGtHWdK1O6uFa2nCoD0J61oafAxgEF1ECyjr2NMRgWMglx+6C/QYFdPpi/wCjD61IunwZ4jUY9KniiWFdqjAoAlHSg4paQigBp6cVkX8t7HMvkAFCeeK2M00pnrQNFaEu0YL9cc05nVD83FTBMcVQ1Vtlo5zjAzmkBa465pp5rm/D2tpePJC7NuVsDNdHmhDZGy1JGnFJjJqwi4FAhyIKczYNC8ZoamIUNxUkfzVXJ5qaMkLQgM3VAA9ZcpzLyO1aWqcnJrIkJ84HPGKTBEsaxselTlVA4qoCOtDTkd6QzL18hrR0buO1cL9jiLffl/Ou11mTdbtz2rlCADxUMpEMdmocbZpR+NXPsDAgi4fn1pke0yDg1ohUG0scD60hlL7NdJ924BHuKVo7vb/rEP4VeZImx84FNMeRw9MRREV5gY8ukKXin/VxmrygZxkGjHIJXH0oAzne5HDQKOKYZZ+CYCcelapjVhkDNRtGScdqAM3exIzbv+ApTIB/yxkH/Aa1Fix0NOEQ6F+frQBimZc/cf8A75pfPQDBB/EGthrZGP3jTGt0B4b60AZy3KAY/wAaQzR+v6mtQwJ1HPFRiMEHA/MCkIy/PhHUk0vmwlsh8fjWmYgFwUX8qb5CnnC/lSYFj7KMfc5qKdGiYALWogBwTkUyZVd+KiTKRWhJZRxirKr71NBAgTrUwiUHOKEMrheMU/y+OKtBFPbFIVUDjrVWJuZ8sdOtY90657GpJQM1LZqGuFpoTO109dtoox2qcoTRZrtt19MVMSOmK0JM6/BWA1T0xD5Tn1arWpyFYSBUWln/AEXJ7nNWiWW/LJHNY+t2ymAnHNbTPxWZqbboGz6UyUcekLO3C8VqWkQQYxg1WtZPmO0d6vK4U7nIFQ2bI0IAvHNXEIzWVFeRbsEitKKVHAw4qGWi0CMUhYDvUZOP4gahkLGoZSRJJIMdayLsBgcmrTcZyapXDoByR+dLUsw77TklBI4Nc3PbNA5BHHrXZFw5wCDWZqVr5mFVeSa2gZSsS+E2kWfqQM16Gh4rn/D+nC2tlZlAYit5R6VoYtluM0881FERmpCaQ0GeaV2wufSm5wTTZWxEfpQUUk1i3a7Ntkhx61Mt/G0vlc7v0rmLm2LX73EY+dV7U21v/OlO4lWUEGgR2HmL6ik3j1riTdSpcMyfaOf4mPy1aK3Fw5f7VKuB0BoGdZ5g9aTzOcZrkWN1bxef9qkYj+HPFQNql5PNlVuAF/ujg0gO1DA96oahqUVkhaQkD2Gar2s0skCvIzKfSidfOVtwyKzk7gVoNdsbiTas2Se201fk1S1tow0kqqKy7FI1klyo4HpVUolxeNuAO3oDWOiA3otWtZ13Ryqw9jUguo5gdjg4rmZ7cW8m9Btz6Vf09uZMelaRvJBctyXSCTaWGfrVuCUFNwYEVzko/fSHGSB0og1OaO02mym25+8OlSqTTuK51PnxY5dfzprzQAjMqAnsTXLrOXQMQRluhq1FbW93djzUD/L3rWwHSLMmOGBHsaXzFYdRXNyKLKXy4yQh7Z6VcspW+zS55ptaAXjgy44q5EQFrjxdyfaHG4gZ9a6m2JNuhz2qIRQFh2BFV1Cq2TVHVZGVchsGsm5nY7FnkkjjI+8pq7IDqCQRkVXlZwDWVBI6W58u581OxzzVu1d5rbLnJ9ama00Ack5VquRykgZrmtRmmiuEEL455qa+uZf7PEkMmGA5rOCktwOkLhhyRiq0owciuei1SYWG5nO8DrV/SLqW7gZpmyc8UpDRtQTcc1PkEZFc1dXFyZvLt3CHucZxUkN5fwrtnxIOzgYrSmxM6DNGBWVb6j5kTs0i5U1F/azbH6FgeK2EbYOKTOTWAL3VIv3soiaI/wAIHIqeDVfNbBAANAGznFG7PesSHWTJePAUwF/iqG51ueOYxQwq5Azy2KAN8kCnA+9YUer3MbAXdqI1PRlfcKuw6isr7AvbOc0AXyaguIkmiKNyDwaqNqgEuzYe/OalFzvhEm04PagDNs9At7K7M8WQSckVrbKqPqGxciJ25xgUg1RTkPFIjDswoGXkT5qn6VRhv4nQuMjHY1LDdLcZMecDjJoEWlOaGbtSA5pCM0AIBUkYNNxgU5CScGgDP1VcJnFY0nBH0rb1XAjyawJTuK4pMBhlIOKY0hPajAJ5PNMfgVBRmao58kg+lc0V5zyK39UDFM1ihiD0zSGgiyZB/hWssOVBI6VQjlRHBIA/Gtdb6BYxl1oAiMHy/dOPQUxYQeMEVM2q2yjBbJ9qgfV0H3F3fhTAebfnjGaVoyBjbmqrajPL9yDH4U0y3snAYKPpSAu4QJ/q8fjiqrFVbt+JqBrO5Y5eenxaYpOXctQIlF1GB/D+dRtd2+ecfnVldNt1A+X8DT1s7b/nmAaLAVluLcqMMad5sJHBJNW0tYQOFA/CnG2i54H5U7CKZK9jSA56k596ui3j4wQDS+UvIJXilYCkEyOTQFUY6GrhjjHemrFGSeaTC5V+2XJwDHgVGLljLg9a1ZIsDDJj3rPNqglyDzWci0W4eRnkfjVxW4xVWMBcA1bTFCBi7j2pjFqnVQaVkGDVCM1mYvgirmnjN0uR3qGRDkgdKuaVHm5HtVITO1g4hT6U4801P9Wo9qCDVkGXqxxGfpTLDItE/Ok1liq4p9thbVB7VaEyV3wKyNSutqbMZrScisjUlG3PalLQI7lG0iA3Njk1LJDG33s4qG2k5I7ZqzNCWXKsfpWXNqbqJSkgg3fJIwP1qJnuLf5lZiBV2OM/xQK2O9Szs7w7CqoKq6BRK9pqkr8NkVbn1Jo4ySaoW8OJM9amvow0fArO5pYxr7V7yRtsZwPWqKyXcp/eTAZ963EhiER8yLPuKoGwgVjtWRj2zWisTZk1pbSowYS7hWtBbCSdCxHWqFjaTRHOTj0NakSMZlwT1oT1FJHQxqEQAdBUy5zUcCbY1z1xUv0rQwJkxUmaiWnqPWgpDutBXK4NKMUZBoGU/scSSMwX73WqzaPbbmYJgt1xWkRk0UAYa+HrYMW3yn2L8Vbj06NAQM8ir5pp60gKT6bC0ew5xVGbQ08zfHPIg7gHg1tEVHJwpqZOyAy/s/llUV2wOuTVwRZiIzio1XdITVhx8mBXPF3Y2ZIg8qR23Z3VUk06d5vNtZQjdwwyKvnKvg881dgUbelJayEZ1vpkzMGupA+OwGBSSWF7BKzWskexuquK2aCPlrqtZCMaPTpSGaRgXPp0FXFsmFn5ZwWqRpPLYDHFWI5VcdanmQWMP+yptuAR1zUMkWoWl1uhSNlxjk4rpuBVS5AP1rOrPlVxpGbDaXFw3mXJUHsFqNjfW2+NIFkRujbsVowyEHB6VLL04rP2/u3HY5x7a5Rd4jDSE5xmtnTr26ZVjltGQAddwNLs3OKuw4UYqadfuHKU9VhklQbBWe0lxCVV7czRYwQBmtqV+uaS3AJJrWNXmegWMWG3l+eSKBo0P8PrUtrqMkMRieznBz128VuHbjpTGKqvSq51fUVjC/str+R5pHmiOOADiovsssKNAVdl7E10UThulP2g9a23RJyFxb3CERiJtrDk1o6UXjR1xjtW26BlPFUdnlue1c1R8rGUJ5vsl15kqNsP8QGaQakbglIUJT1IrVjIlJVgCKRoUibIUAfSne2oGXBo9rcRyyPEd5OcgkU2O3MCuUUlVPTrXQw7SnygVKI1wflH5VvF3QGNLqdrJbbVcFum3vWdOHtYFlCkEtnpXSGzg37hCm71xUjQI67XUEe4qgOXkDJbG7AIZuaI5FdTcOdobua6c28ZTYVG30xUbWVu0XltEpT0xQIy726t5LdVV1YkdAc1St7OWaZAtxLCdv8ACf8AGt6LS7SFt0dvGp9lqcW8avvCjd60wMCCCS3uCJJnlPq1asU6fY8ZGc81bFrHv37Ru9arSaTbPJv2EHvgnmkBRYSSoPKcKd3BIyKaiyNeBbqQEg8YGAa1xaxKoAXAFNltI5WDMOR3oGY93BIl4vlSbVJ5FbdtEsUSotRvZpIQSORVpVwBQImAyKcBxmmrUw6UCIjSx9acRikXg5oAp6omYSSO1c27ABQK6fUTm3NctMoOPrSYIYw+bgUvlMwyeKeMCpPMAXmosWc/rKGOEkZ4FcXJeTsxC7hXd6tIGiIxxXLrDGSTUjM2GO4mkG5iK37bTNyAs360y2jUOAcV0MKx+WMDtTAzotOhBw/WpfsMan5cGrrJGpHymjCZ4FMRWjhVW5Wpdig/c4qwCPSkJGT6igCv5QboMUxo1A7H8Ksblz15oypNAECgnpwKMDOOc1YBTdjn8KG25OBxQBFlguQARRyeq1Icc84pcgAZYUARgcDIpNg3/czUhKDqy0CRB/EKQEboPQiowmO5qZnVu4qMvEoyzAH3pMBbt22nFUYg7SZY5pZ7tGyVbNLbPuOR0rKW5aLYIFTIduKj20ucCmhMtq1OZ+KpGbFMNyxyKoRLIw3GtHRlH2kGsXzGJrd0EFphkVaEzrhwooz60oUgUyQ8GrIMHWpMtgetTxHECD2qpqmGnAz/ABCreMKuOwqkSxCaztSXdEcA1pYzUckaleRnNJ6iTszl7QEOQfWtmLG0ZqpdW6wyblGKfBKKxkjqg7lzYe3FV7iPaMtzVlZOOtVLtm25Az7VNmWRQAswIFSzr8vNV4bwR/eQgVLJfRuMKpP4U7DuhsMWRlanECk8rSWrg8gcGrTkY4paj0K7IFGBVixj3TA4qqeWxmtazh2KD3NawRjUZfWl70ijFOBya1MSRaeKYhp9IpC54pO9ITQKBgTTWkVFJZgB70rVjaw8ojASMsD1waANFb23lbCTIx9AalzxnNcwLu0gRB9nYP6L1qzHrQwEjjaQ5wRnkUAbwPvVe5kwMCsyXWtgy9s6/UiqlxrRJGLeTB/GsqmwXNuEcZNJLNg4JGKjtZt8IbaV46GqOoXgjb/Vu3+6KySshkhGZ854q9HIgG0EZ+tcs2qh8qqS59hTYL+yiIMgmWU9yDVQjbUR1+feng+9YkGswgAN5hPb5ambW4EXLLIB67DWwrF6VQRVc/u+VNVf7btpBlC5H+6aik1e1A5LD/gJrkrJp3RaNaO5zwajmYNVGC5jmQtGSR64rNv76a3l/dyr9HBrBzc42LsbK4DYqfdla5221xMYuWVT6gHFXV1qxZci4WudxkhpI0N+H6VIrkmsr+1bQtkTLinNq1ooz5y/gaIplWRpOxPAqWE7VrKj1Wzc/wDHwn4mrcV7bycJKrH2NaRk4kNFppuaiZ95wDUch5znioTPGgP7xQ3oTV0+actSWaMS4FTg8Vzw1uaF9rwKy/3hIK14L2KaINuAz2zXpxVkZlmqd0oHIpLu52RExsC3pmsI6nclj5kh/wB11H86ipG6A37Zl2ZxTp+RkVnWdybgDB/AVosP3eKxewwtJOMGroNZsB2vV9T3rSlK6AkJFIGNJmjFbiFzS5pAOKKYhwNAFAooAdSE0A0hoAQtTckmlxShDSABTh1pcAUEigCRBmrAHFQxDdU5wBQBGzYpoOTSPntQOlAFfUc/ZzXKyZ7nvXT6i4Fs3Nco0oZTk96TAR3O7FNLnb1qKRwZOaXBPANQykZ2olthx0rAZcHoa6TUIyISSeK5pr2AEgyLwakouWw+cVvRKSgJOK5aC/t1kGZP0rej1ezEYy+T7CmIvso/vc01kI7/AI1QfWLTszf981EdbhB+RGP6UwNLJUdTTNuWzkj8azf7bbPEJ/E1E+qTyNlYsUAbW0Y5ao2z/C2RWR9supBwoH400XV4CQAKQGuCD95iKcCMfeb61jCe8I5wKUy3jDG78hTA12IBzuJ/CmiXH8YHtWK0d2x5kIpn2ed+pYj1oEbRvEXhnWon1KIH5cNVBLHcMmQj2qZNOA9z60BcZNqLSZ25H4VVM8snUE1qCxwwGwVKbUY+4BSYrme8SxDHOfpVu0UjmoL4kXCjGeat2+cCsWaIupkjk0u3NIp+XNPU5poBhjqJwQeatZ4qvIeaokjRa6bw+gDA1zqCum0IEDNUhM6B32iq0j5okc1Az8GquSY96S94g/2qvk44rNlcNfoMd61MA1aIY3dTuooKDqKQjFMkz9RjBjJFY6OVauhuADGcnArnJsLKwBqZRNYSLJuygxmq76gC2Cwpu3eOarTwKozjAqEjZO5cS7hbgtSmaIHCuM1QR7QL85AP1pkotyf3R5+tOxdkay3IQYBFTC53LWHGm3ncfzq9C+SFFLluS3Y07YGWUYrdiBCgVn6fBtAatVfpWqVjCUrseB70opKXJFUSSJUg6VGvSnBgKRYuMmlxRxR9KQCMOKzb9critI+9RSRLJ1GaAMW50hbhVdMI2BzVaLTYoJdsY+bqT610ZQBcCoDAvmBsc0mM4/U7eKV/LubgxBTkA96W32uQsRzGowD611VxZwTD95ErEeozWe1rEJNqqAPQVnN6AWIYiFU+YcY6Vh63FcdUkwvcA10CwIo3gc/Ws68jWY7ZFyKxlKwGNp0UY5QHpzmpb+1nNurRp8vcgcitezsYh0XArRWFVj2gcVsthHFxW8zSq0A3lRgljipLpbp323JbyvRD1rpxZJGxZQBmszU7a9cAW4XHfNc0qk0y1YyLYyRJsghk2HPJpsdm05JYzJg5OT1rbs4pBCElXDCpnhDLg1m6/RlKIWCBbUDrWVrrRLHh5Gjz3ArYjTy0CqelNlt47hcSqGHuK5+ezLsYNhtNscI0kQHVhnNQmKeSTdAoiiHVWXrW5DZ/Z3wpynpVl7dZFx0puoKxzE4kDxrmRSf7i8GrENmyn9628nnkVtrCq4U84pj2oL5zQqhSRjXosrW3WWSLkHqoq7pUsU5WSMKOPSrwtFaPa6hh7ilhsUhl3RqAPQU3NBYku5SI8KKzpbGIW5fA81hnLc1qSxb0Izg+tZh02csd90xXsAK0p1lEiUSvEyEeVPbR7h0ZRTLuRYLZfLXDZ4z0q/DpwjQ/MWY/xGlkhEVuQ6bgO2K2jWcnoZtWMxJZPLMlyiynHG3oKYlr9pbzGSMJnhR1rQ0vy5WdUDIfRhVwaTIrGTeOTngV0q9tSWV9NgW3J2DbzW8m5o+ayoYfKc7j3rViYFBiuZS1aGiFQVlq+g+Wqp+9VtD8orWiDFpw6UlHSukkdikFJzSjrTGKBRQMUhPNAhc4pQc03NApDH9KTdSZpKBCgk0ck0lKtAFqHAWnM3NQqTilzk0wH0ykJx3oGTSApagMwtXKgrl1PrXW3v8AqG47VxzHdK4x3pMCNx+9HPFTiREA3VE+A2AO1NaLcuec1BSKmq3P7hgvcVxZtyXZiM5NddfodhBrCK4YnIzUjKcdoS4wtbkFhIyDaEH1FU4gS69K6K3bbCMimgKQ05xjeV/CpBpyHHK1fLDsCBTl5Azx9RTAzpNMQLx+hojs40XBHP1rU2hhww+mKjeMdzn6UxGebMM3C0fY1Q/6s1pJEi9GOfpUqxo5OW5FAGWIPVOPpUiQgH7pH1FX/KxnDUCMhs5oFcqeWjHBAP4U/wCzgDI21aKK3tQYxQBU2ley0wkDrxVzysHAYGgw+gFAiuHwuMmmfOc56Vb8n5f/AK1J5ZHepYGBOrfa+TV5AduQKzfMZ7vk1qRnCisDbYkjLd6nU1CpwKeGq0SSFh61XkYU24jc8o2DVbfLnEg/GmItxspPWuq0YYjzXIR7jjArstEVvs2cdqpCZefmmeX8pyanOO4qKZsRMfaqJMLaP7SXnpzWkP0rKt2L6keelabPt69K0ijOTSJN+OKcdu2qjXGR8opFkZ+taKDM3NGfq920UTba5tJJJgXJ5rZ1wfuyBWLb8ECpnoa09UPjvDG2181eW5gkXDcg1UmtBICw61SYSRsfSszXVGo9hZSLux19Kg+y2cZ4PI9TVJbqRVxmq0zTMcrnmiw+YvzXMUXAIwKrjVmtpUfquaqJaSMd8h4qK8hynAzTTG1dHpelX8d3bK6YzitVTxXnXhLUGR/JfpnFd3DOCa1sc7dnYu0c01XGKdupNDTHg4FOpopwqS0OB4pQTTc0ZpFDutB4pC1NLCgBSaZSM1MDjJpAObpVFwBJzVwsKpXLAOMms57ASswWOs+QLI+aujDR9Kybu8hgl2u4TPrXLNAzTtAvrV0YxWTp9zHMf3cisPY1pg4711U9hDiuaY8OacHFKXHrTlBMEyo0W09KjZfarbbSKrSHbXm1qNnoaxkR7aKA2RTec4rm5Wi+YRzRu4oKA96CMLRZiZGDl+afgHqajHU04E5qlFlInGAOtG/HamdaT8afIxsduLHFGAD1FMOQ3BpFlhWULJKoY9ATWtOjd6kORPHGXPSrIgULgjNPjCgfLTyOK9CnSUUYydyt9ni3Z2AGpH4Q4pR1psuQhrST0JM+QEyVdgVQnBqgXJfkVbtgwU5riW7KQ/J34q2v3RVEczVeTpXRR2BjgTmn9RTO9LXQIXpSg4pKSmAuaKBS0CGkY5pR1o60c0gFzRmkpDQAvU09RzTBUi0ASADpingcUwVJjigRGwFCipCKZxTAgu1LRHFcdLGwuJBiuzkJKn6Vyd58t6/0pMaKkgwQe9LuBFMlbDcmkRlNZlFXUELRMcVzoiO8kmulvQGjOM1zr/K5GCakofEBvFdHbqphXK1zkTfOO1dFa/NEv+NCAsEADgUnYAgU7cydFB+hqPe0jcqaoQ8jHQUoLcYH50za+D1xTN23glqALOf7xx7Un7vJ7VAH6ZIoLr3x+dFwLAZQcUxh8/UVVa4ZT8qn86DKWGSCD9aLisWiB/epcEAdxVLzmHUN+dPE7AcMc+5ouFiyQrHjrSgAcZH51U+14PJAo+1gc7gfxpBY0CQF7ce9V2bdng/hVf7ap6yqPaonvI0P+tFJiaMS3cebk9a0lnB4zWdbwtuJI5qYeaJQBHgetYo0Zoh/elDnNRp0ANShfarQhHkOKrOzs1WymR0qNkwelNCH227cua7jS+LQYrjrZF3Ln1rsLABbRcVaEy055qpdPthb6VOzYqlesfJY0yTEtWP2yVh6VdG5zyag0uJZJZS1bK2ceOhrohJJGE4Nsohdq9qcoOM1e+xRHuacLJPer50R7NnPanFvhOfSsKFBnI6iu8l06KRdrZ5qknh61RiwLc1lNpm9NWOfjQEfNStCj8EV0LaPBjgmmrpMYPLGsrG10c99hhJwFFIbGNBnArqBo8Q7mmSaOhBwxFDuF0cbNEWOAKoXMO1Tmu4/sOMHO41UuvDSzggSEfhSW5XMrHE6M5TUuPWvQoT8oNYlv4ONvOJFuDwfSuigs5EUKzA++K6YyVjkqRbegC4ZOlTxXYY4PFMNkcHDc00WTKcgiqbi0ZxjNM00YEZqTNVYBIow2MVPzWLOpDxSHikBp3UUihhbFZWrpdtCWtbjyyOtaxHFUNRsje2zRCRkzxkUAYCzXpGP7QYsOowKlH2pXJa6fgdgKhtdBm058CdpVJ53CtWO38wuCOo4NAjFudWkt5Ui+1TOzn+FRxUkr3L7X+0sRnuuDS3FndRTYWxSUdnyBip/ssyIplA3E5IHas6mwy/bXAdNgfc4FYerQTSS5Mgx6EA1q2rr5xXZg+uKqavaTsC8K7/9nOM1zgZFmTA2YrtVb+6FFXPtOsyBmgnj2j+8vWqNpZzsxza+SM5OTk1ft7khjaCJtx/ixVRl0CwyO/1QqQ9wiuO2ytHTbu9d8Tyo/GeFxWFLpc+nySXMlzJID0XGa1dIuEmIYBhx/EMUpTaAv6nPdJAWtmVWHPzDiueGuXoU75VYg4IRM1011bJdwGMkjI6isD+xjC4hPMZOdw61HNcB63t7IoIlTB/2aPtepmbajxMo+8dvSrDWC28QRCT7moRcJbTGJkYlsdBUtJjI7nVJrVA0lxH1xgJmh9R1BoBJAYnU/wCzg029tlU7mtmmU8jb2p62F3d2h8r/AEckYUHtRyoLkMd3qDtndF7jBrT02WeRmE23A9KzLPTryz+SdxISeWFbWnxgM+fWk7Iaky6IlB6mlEa+tSFVPQ0oj+lRzDuRlEHPPFZt3pdvd3KTMWDKcgg1rbQD2o2L6CqjOzEPidVULnOO9SCQVAFxThgVp7ZisSbxnFMkcFcZpDjrmoXcdaHVdtR2K7kq/SrkWfLyeKrZJ6Cpy5VMGs4SEPQAyZHWrS9Kr24BGatCu2nGyEw/CnKOKQZpwOK1EFIetP60YpgNoNOA4pDQIbRS80daQAPrRiil7UAJT0NNpyDNAEy0/PFMWpQOKYiNicUgqQrmmEYoAY44Nclepm9bPpXWuflNclqMgF7we1JjRlzn5vpUan0pZ2PXPeo1IxjvWRQsoGMnJrnr2dFnKjgCty4LeWSOa5G/jkkujg4pFF6OeMMMP+dbtveIkQBYfga4+K3OfnJP0rctbNGhHzt+VAGudRiGcNiojqiA8Nn6VS+yRr1LflUgtY+oz+IpiJm1cAY2sRVV9TLNkbh7GnmGM9eT7U5IIu6kfUUwIft0hOUY/lSPe3OORx9KuxwLkkIMVMI0zgjH1oAyBcTuMnP0oWa5H96tby4wQMA1JtVRwgB+tAGI9xcMeTJTl+0uOAx/GtnYSMlVoMYxxjPpQBjeRPIeQVPpmj7FcjGcnNawjYNnPNTneeBjNAjB+xTk9Gp32OUA5ya29j47H8ajMTZ5FJiZn2bu7dQR7VohR3FZtidq5rQBLc1gjRkiqM07LZ4WmCpA3zdapCZOFyo45qKQc9KeG4wDULklqoRYtl3TqMd67K1ULbKPauQsVLXKjFdjGuIFBNWiWNbBNUdQwtu1XsYOKoarxAc0xGdpUscayM7hRnvWvFf2znasyE+gNZmmQo9mxZQcn0rOvDPaTO1vB6Y+XNWFjrQwJ4qUMK5GPW78QEGzkLdsCpLXUNWYkm2O360BY6aSZF6nFDTIo5YfnXMX15fkoVt2PqAKZ/aF3csqvaSJgckimCOpaQdcio94JyCK57XZLpdOBhD78dqwrbVtSijCyRSn0wKQz0ESjOM1JuyK4yHX9RLACyLD6YrWsNSvbg4lszGPXNAjaJANIcVz+pXd9HL+7DhR/dXNURruqRhgbF2x/EaTGddxjrSA4rlB4raJSZrZ93oAahHi4PMu2GQL3BWmB2YOacOa5VvF9tEPmikJB6AVpWfiKxusBZQpPZutArG2BxS9KajhgCO9ONMYmaM0nWigYuabS9KO1ADCg60gQZqXAptADdvNMdBUtNIpNXAy5U8uXIqbAdM4qeeLctQRNjg9q5ZqzAqkAk5XFRqoWTJwKtzIWOVqtIp3c1g5crKLBgSZfWmi0EZyABRBKqHaatNyuRVytJEkQQ+tHlDqcE0mGNPwQBWNmiiJoyx+7TGtgzZKjP0qzmjaT3pXAgFuMUoiK9Kl2sOlISadxWIGhJPSnRwFOgqcPmlwxouFiPy2HekIfNPyw607dxQOxGqsetPEZ9aQ7uxpBv8AeiwCsrUbWHFOy1JJIFHNaRhFbiInJUYqLeAMGkLEtkHIp6qWYEilJX2KJIqHyXGBmpGAVaWBMkk0Qg3KxLZNGNqgVKCaAKU16K2EOXmnUwGnZpiFzR24ptKDimIcDxTTRSE0gFHWlpKM0AKetGc0wDaSc5pRQA7FSRioxUidKAHjrxU4zioVAzUwPFMQHpTD0pxNIelAiCXBQ84rjb/5bxs8nBrs5R8hri9SwL386TGjLmOR+NEa5560SniiLpmsi0Q3JyMA4Fc3dKxuDtbFdNcABCa56Yt5zHaDzUlDEXJGWrcsrcGIHzD09axV8wOP3a/nW3YGQxgFFxTQrE/2VTkmUmnC3GOGb8qeyuORtApY/Mz94UwGJAoPOfypWjQdQxqXEgPMowfQU0oc/fP40XAjRACcB6kHl7gCGFSgEc5BocMRkYzTuBE0MRbnp70ohUDvilJYDnGfpQskpGDtI+lILDfKhB6nNJ5SdcmnkMT/AAj6CkEchGSx/Ki4DRAjDuPxpfJjUjpSlG/vEU3Y2QdxNIBfKXOcmnhI8eh+tR7Tn77UpTBySWpMRkWZ+UHNXQ56CqVuNqCrKnnk9ayRbJg2MUoYg8UzDdhT41b+KqQmSBm7cUxWO/mpCMDNRr96qEaWmbjdLgV2CjEYrktJGboV1wX5atEsaxwayNZf911rUbjvWHrLfJimgLWkLiyTir5RSeRVXTEIs4/pV/irEM8pOu0U4Io6LRTweKBAqjH3RSGJTztFPHSlpgQNEpHIBFM+zx/3R+VWcUhFAyv5CDoAPwp4jHbFSYpKQyJowe1N8hcdOKl70oFICs1pE3VB+VMNjCf+Wa/lVtuKRTmgDLudKhMbFIVL/SsCDRdt2JPsbiXPLk8V2vXoKQKM9KYCW6lYkB6gVPgEUwcUpbimAhOKTdWdq13Na2zPDt3443VkRXniDyVnK2zoeSoyDigDqCTigVm6fqIu4zvASReoqwb2APtMqbvTNAFrNFZ1zqkVrIikj5+nNW/tMQQOzqF9SaBk9FRxzJIMo4Ye1OLACgBG5BqnKhQ7qm+0xF9vmLu9M1l6vqT24EcHlmRjgbzgVlONxlwSZGMVVkD7ieKijknWDfLt3dfl6VkvqWqTzultBAyL3ZiDXHKDbsBsrgHJ61chmUjBaufsr2ed2hniEco9+DV+Iuiky7Rj0NXGDgI1ye4xQJB0IrJOqRW/3mB9s1I2pK0kYAXax65q37y0A1Q6elLuXstQx7HGVcH6Gpl2+uaycGhiFufu0mFY8inHb60hxjg1OwARGtJuXsKjldUQkjOKx21S58wlLbMIOC2eaNXsaRg5bG2WXuKAExWfJPcvbrJawiTPUE4xVWO8v/tAiltVXPo2aOWfYpUpNXNoFOgpwI9KZHE2ASKrX939kQEDJJrSC01M7XdizI6qKqO+8nkVH89wA2cd8UG3Yd6id+grNApYHgVbQgIC3BqKOIJyTmnv84wKI3BjPM3y45Iq8i4XiqEs0NlHvlYA1ZS6RrUTHgV00421DlbRYGadmsqHVXklw1s6xk4Dnoafe6l9mA8uJpWPRVre4ezZp0VnW+omaIsYnWQDlD1qD+2Zlb5tPnUZ6npTuP2cjaHuKWobabz4g+0rnsamPFMzasNxQDzSk0hxikICcmlFMyRS54oAO9KCKaTTdxoAmBB709RioVqwv3aAHrnNS5xUIJFO3UxDiTmnAZHNMWn0ARyj5TXFasNt7jvXaydDXHa0uLsHNJgjEmbCmmo4CjnNJcnCnjNQxEsB2rNloLuT92awGlQyHLr17mtu8BERx1rmpLQPIzk1LKLqSJnl1/Ot3T5IwmN6n/gVcslrGcVsWtlEIhknNCA3vMiH33GP96mtNCBlXH51mLZRYPJP408WEO3jd+JpiNFZ4m43L+JoNxEp5ZD+NZYsoye/1zStp8ZHBz+NAGn9rg6h1/OnfbrfvIB+NY50+PjtQdNRl6gGgDXe+t+nmJ+dMF/CBxKtZn9lKerDNL/ZaDjGaANH+0Yh1kXHrS/2lbheJR+dZR05RkcA01tO7A5NAGsmo2xPzSgmnfboD0lWsM6dKMEocUf2c56oc9sUCN9byLr5qGmtfQ7v9YvvWCLGXkYeg2E2eh+hqWBbiQhRVhcD3NNQdKkVeaxRoyUDNOA701Sq9TT896sQrMNuKVMGonIxRG3OKaEbeipm4BrqDwnNc5oeQ2cVvknFaIhkTg9qwdY+8oPrW+TzXPaoS90i/wC0KaEbtku23jHtVnbk1HbKPKX6VOBWghAg7U4JilzigtjigBR0pCKWg+1ADRQaQdKM4oGNIxSdad9aKQDCKM8Ypcc0u2kMbg4oK8U8UUwIMlWAzUvuaCgJzxS44pgJSGgn0owT2oAyNbOLfpU1vtFigP8AdpdT09763MayGNv7wHSsqPRdTChH1RjGOMBADigRAjRi4uCWKrjkrWRN9k4MOnTsxP8ArmGP1rqG0NBaGKN2Dnq56ms86DqUiiOW/Hlr0CpigZVntILmK1aaPcwxgk9Khv3Ml0tv9gluIVGQqHitybRbgwRLFKA6Y5I61HNol6Ss1vdCOXHOVyDQBW0ATx3JVbOW3i6bXra1Wd47YhSRmo9M066gbzLq48x/9kYFXL6zW7hKEkHsaAOdl0e3igW5TPnnkvk81XmsYL6S2eePcwI5zWguj6kx8uW9UwDoAvP51oDStrxbW+VKTGOe1SO1KqMACuRW31I3tx9kuUjTPRkzXevHujK1zcmh6mlxI8F7GiOehjzis5RAzbHzobh1vGDykfeHAqd4vPtHQkgM2KtQ6FPEzSzzmWQ+2AKmj05/L2bxnOai/RgZd94ftY7VWEeSRkkk81G1ijPBAwZEz2NdLeWT3FqI4pArjoSKig0qYtG8zoWT0FWrCKOn2sVnfLHDkRt1BNdFDbxJkoMZ681nvpL/AGoTI4GOgqzAtzGSJG3DtgU2hF3ywaQxGnIWYc1IBxUciY0VJIMrknisq8kGfs8Q3OfTtW1cozxMqHDY4Nc/HpWpQSM63MWWOSSuaXs0jopcu7djUgiFraAE8gc1FZIJZ3nc+wpXiuTbbGYM/cgcU61tXjiCsaoTnYtS3CRjqKwtUd59p/hz1FbM1mksJUnBx1rHXS73fsedDCDxgc0mFJK92xbbK3Ua54xTLh2+0uMnGKkvLSdZEe1dQy/3hUcGn3ckjSTSKxPoOBUNpnReG9yilmWiMzSSFg3HzHAro9NQtbIzHJxUcWnMtp5ZI3HnNX7OAwQKjEEirhT6mVWopKxVv7OF4/MeMMy9M1CkTSabhRyM8VqXMTSxFV6mqy2ki2Zi3YbsRWtjKMjHa/cQLAbWRWXjOOKeJns/LnaB5FIx8ozinLY6kzeXNJGYgeCOtTXdjeKqG0cfL1VjwaR0KUE0iKwuhd6hvETov+2MVYupGmukhj6Z5+lLY2lwjGW42B/RelTQWrrdtKxBGOKpGc5RvoW0GxAB2FOJzRzikxTOZsO9ITSnFNIoEGaTtRSgUANApcEmnheaeFFADVB6VOucc0wDkVIq8UAGM0qj15pQBmlPt0piHgcUpFM3kUF880CGSjg1yGslftI+tdbK3yGuR1j/AF+cd6TGY1yFKkgYqqlXZgGUiqTDB4rNloiuk+Q5yRWHtBkYbuM1uyl2QgZrEaPbK2SQc+tSUgQKsnXH0retV/djnI+lYKxsSCc/nW3Z8xBdzfnQgLYtwGyHx+FBhwc5JNO2qpBJJ/Gh8kZz+tAiAZEo3ZxVkpG4yelMMSE5IOfWnBVxgYx9aYxptlyNsp+lRvbLJ/Gc/lUxjXI2ilEYHWgCt9nCjGefrTkg3DBbj61KUVm4Wk2pj7hz7UCIzYj+F2pn2Vo+d5FWBHwMFh+NBgLNklj+NAEOZdw/ecVKm8f8tOKGtwpGP1p6xqeNoP40gFRSxB3g4pGJBG4igJGmNykc9jQ0atgqT+VJgVIqnXrVeM8VMGrMomKK3UUZCrjFNDcVG78U7CEeQZxT4FycnpVXcM+9WYWOQKaQHV6IgMea1n4rO0cEW+avNkmtCGNY/KTXPXTCTVI1/wBqt+QfKea54APrC+xpoR1EZAQCn7j2qOMjbT81oIXeRSZyaaTmlXigCQE4pckGkB4zRmgBaYw5p3amknNAxQKCOKcvNDDn2pMBmOaWlo/CkAUYpwGDk0tNAMwKQ804rnvTlTNMBm3jgU4KcVJsA6UEAfWgCMrikKZp0jiNCzdBVODVLe5VzESdnB4pgWCgpCorLfxDZK7KS5KnBwhqza6paXjYikyfQjBpAWwtLtp3aqV7qltYAee+0E4BoGXAMUxqbFOk0YkRsqRUEeo281w0CMfMXqMUAWNuacoAqld6lbWUReeUIo9apW3ifS7mURrOQx6blIzQBuUbc0iEMoI5BqVRxQBCYs9qhe23cir22kK8VDgBmPuhHQ4ojuAW5OKtXDxwxlpCAoGTmudbxFpjT+UGIOcZxxWTVmawpTn8KudF5gNG4HvWW9zFFb+c037vGc1Qj8TWTy+WHPXril7RoqNCpLaLOlDDPWnbxWNNqcdvD5zk7MZ4qgvi6xZto8zJ9qOccMPUkrxR0rNTcjvWBc+JbSBVL78N6Cqx8XWJxjzPyqfaMpYWq1dRZ1Bdcc0zeq8g1zT+KbNMFvMwfaox4qsncKN/PHSj2j7C+qVv5WdK9xjIGKhErMelUZNQtLaETzSYU9M1Lp2u6ffPshfDDsRiizluyPYVLX5dC/Hb7uTVhYwo4rOvtdstOwJpME9AOTT7DW7PUR+5c59CK2jGKD2NTl5rOxogU8CsjUNfstNOJ5OfQDJqWw1q01CPdA+fY1pzIPYz5ea2hpmm5zWPe+JdPsZhHLId3+yM4q7a6lbXUXmxSBlougdGolzNaFzijisSfxNp9vc+Q8h3ZxwOBWtbzx3MYeNgynnIoTRM6U4K8lYm2Ajik2gUtL1FUZjCOKYamK8elREUCGmkp2MUhFIAA4pwAFIOBS9aAF/ClGe1GMUq0wHLUopqilyBQIU5zSc0u4U0vxQID60i5J5puSTUqpkZoGMdS3Fctr8DK4IzjNdYRisfXEVrUnHPNJoDlJFURk5qjtBq/cr5cQOeo71UtUMkoA5qLFGlY2MP2ZpJTXGXbIl3MAp+8a7K5fZFsU446V57fz3H2yUK3G40pIcWXBMNvHWtLT52zj+dcx5k7f8ALQfhV6z+1Yz5hxU2KOuDqwwSB+FBcY6j8qwAbk8ea1JJ9qRSPNJH1piOhxxnCn8adtHdQD9a5yEXDg7p2X0pri5DH/SWI+tAXOidwGAH50pkO3gg1zR+0hcrMx/Gk/0nr5j/AJ0Bc6VZ1HBPNO8wNnFcyBcDqzn6U9WuDkF3X60Bc6LzCOozSpLk42iufX7QV/1jcelNElwrffkosK50x28HH1oDKT8o/Suc865I5kYCnI90T8kzD6mlYdzddf8AZ/OmlwDgqR9Kxme7z80rfjSEXbDIlJApMC6nBzk4qRT6VGOBgClRu1ZjJyeKgdmFTZ4qORSOaYymSQ2TnmtCyBdhmqLjJJrS08EsvFUiTs9OUR2qj1FWCwHWoLddsCildsU7khM5KHArn7QbtYJJ6VtSyfu2yO1Y+l/PqUrZFWhHSxnipAajTgU/8a0ELjinDApoNGaAJBjtSUgPNGTQAp5FLt4oCkU7jFAxOgoxmjtSikA3B9KUU7NNPFAC5pQM96ByKcopgAHrUgAFN79KdigBCaTOaeVpBTAp3v8Ax7P9K5vSWAt7p+26ul1E4tH+lcxpik6dc+7GgDT0UJLA7bAcse1N1i1jiCTxKFcHqKb4eYR2jbmAO496j1u/R3jtoSHlY9BQBs2zGS3jY9dorlPGlu91AkKNtYsMEV11ohjtY1YchRmue8QruvLYf7YoGVPD17JBG1jcn51Hyn1p9jJt1e5f0Wl1zTpI4VvLcfvIxn61R8NztqLXEpQqxGCD60AaFjANV1KWWcbkjOFB6VqahpVvNbHMa7gOCBWdoU6Wt5PbSna5bIz3rav7uCC1dnkUcdzQIy9Eurj7NJD99ozgA1u2ck0seZ4vLf0rG8Oxt5ctw3Cu2VzXQxkNyDkUDHYoI4p9DAYpAc74lVzpz7cnjoK4tLzS2svK8g/aOmcd66zxYXFmAGIUnDEelYz6dpaaQJB5Yk253Z5zWM1qezg3GNLW+r6E1ro9xe2EaPKAmclTSazYWNlZKqoglHQjqTS2Gr/YNGaSRskD5RVCzK6rd/ab24jVQchC1LQ0tU5nJ/CiS/uDHoaBxkntVXT9R04lI57AL/tkVu6nc2ESxBoEljyADngVX1d7F9NHl+XuwMBcZFHKEJpxs4vVmwNOsLqBXMCMgHGRXPXFjb3WqC2toUVVPzECti0ke30Heeu09aZ4Zt94kuXHzOepquW5zRk6alK+xc/sWxWAb7dDtHcVzjWFve6t5VvAqxxn5iorq9Zm+z6fIwODg1m+GrXbaNMwyzknmhxWwqVWUYObZzmrXEEGpLFOrNEg+6O9LbPZX16n2UG1ceo61fuYYI/EebkDaw4LdKTWTaJdQNbGPzM/welTax3RmnFRSexfTw8GujcXjrMMcAispvJtta22eBgchelWdY1144Y7SFgsjD5mPGKdo9tZQQs7XMclw4z97NGnQygpxjzz+4xp9QtRqUsl5C0+DgKKuaXJBNcPNaMYfWMiptMWzi1O4W48sNnI302QwjXB9lCsMfNs6UGspJ+6k9vkO0y1tru6uGugrvn+Kls02alNa28gWM/kKpXFrBe30vlzm1deoJ60ujxm0vZHRjMq9W9aAlH3W79Ni3eWdlpkLfasSSv0bFbXhYt9kz/CelUvtun6tC/2lI1dezHkU7wy225ljjYmIE4qluclbmlRalujrt1KKYOmaVTzWx5I/IFIQDQabmgQ0rSYqTrTTzQAzB6UoOKWgJQAvWgdaUemaaRzQIkDYo3ZpnalFIB2TikoPWgCmA9V56VMDimoOKVjigQrEYrH1dh9mbHWtRjkVj6s4FuwzQxnKXUplVABxjmprCIRpvPpVfyWfGDVsqyW4UDnFSMhuGDsxBFcTcx7rmTGMFjXaeWfLY/jXGTKzTP8xHJqJMqJCluTgkA/StqwtQIxgAVmQxncFLGty3t9kQxIwFSUSi146ike14zkU8LKBxKMUo3EHdJzQKxAISD8+CvtUphhYAACnCFiOZhUgt3wP3wIphYjFmnl5OMDrSLbwr/EPzqXYiLt35z71H5MTHt9aAsO8mBeQ+D9aaUVmwZBgGhoUT+IfjQVTswz/u0BYXywnSRce1LhMjODQqqRjr+FN2EZw2PwouKwrJH1C8mkaMbcquPwpxJVfvHP0pd7HGd1ICLy9wwf5UgQJxg1ZQ5AHJPrTWRy2Q1SxlPt0pQCelGRgCnrioGhcEDJ4pjtuGBmntj1qB5Cp4pjGHAcDnmtrTU+Ze9YwIZwSea29M5lUZpoR1UZ+RR7UHGaVQNgpMc0yStd4WFvpWVoo/fyt6mtHUnCWzc81n6GN0bt6tVxEzoUPFS1XQ+9SBsd6tEsmAyKQcGmb8jinr2yaoB4GTT1AqMEA9aUvj6UASM2KjzzmmGQU0uM1LYybdzwKXcRVcSD1pfMHrSuBODzS9ahEgNSod1NMB6ipAM0i4zUoxmqQAEpwWlGKMj1piuNNMqQmmkZoGV54lmjKNnB9KpQ6RBFA0Khtrdea1DH2p23FAHLt4O0/cWHnAk54kb/ABq7YeH7KwbfFF8/95iSf1raxTTQAwDAxVK60uG6mSWQHchyMGtEAUmKAK726yRlCMqapWWi29hK7wrtLnJFa3FGRQBjal4estRAMqEOOjqxUj8ao2/g+yjlDyNPPt6CSQkV0/FID6UAVTZI0HkgFVxjC8VJbWy2sQjUkj3OampSRnGaAFHSkIzSE0ZoGU72xhvYGilXKkVzi+CbUTbjNIUz92uuPSm8VLimbUsRUpq0HY5298LW11CkQdo0XstUB4GtVxiaT8q7A4oGKXJE0WMrpWUmYJ8PW5sfsz5ZexqhB4NtYpxIZHfB6GutwDShQKfKiViqqvaRQk01Li2NvyiYxxU1lp0dhAIkJIHc1cyBTS4p2MnUk1a5n6jpy38BidmUHuKfZ2SWdusKZKgdTVwtkU08cmiwe0lblvoZWqaHbaouJQQw6MOtUbHwnaWcm/Lu3Ysa6POaQketLlTNI4mrGPKpaHMXXg20u52leWXLHtiltfBtnazCVJJSR2OK6bIpC2KOSPYv65Xty82hg6j4Ztb9gzAo4GNy1Jpnh6204HYCzHu1bJYUZo5ER9Zq8vLzaHPX3hKzvZ/OZnRu+O9X7HRbaxgMUa8HqT3rUyMUhIx1o5UJ4iq1yuWhzd34RsricyguhPJCnrWrp+mQafEEiXHuauZA70oYetCikE69SUeWTuh2OOKKZvA70Fx61RgPPSmBjTd49aTdzQBN1FNINIHwOtIZBQA4GlzUW8ClMgoESe9JnJqPzRnGRRvGeooAlwKQUwuMZzSbx60gJd1OWog4A61IGUc5poCwpAHNM3AHrTPMB7imNIoBpiJGcbTWJqn7yJgDV6a4ULVRgsyEnmpYzFs4tkW4889KSdjvAWrxVQpxwBVDhpcikMbMAtq5PBxXCyMPNbGOprttUdY9PkJ/umvPhdRbjis5FxLtuQZRnH510EQAQZIxj1rlorqESj6+lbiXsXljLc/SlYbZob1UdBRnccgKR6VnC/iAwf1FKNRhToee2BQI0Nykbdop23sG6Vnf2rEeq8+oFOXVo8HKnH0pgXCwBxwaU4ZMhaoHUUJ4Q/lUkeqoEx5X6UAWjkcjP0xS54yV/Gqf9qx5/wBU35VG2qoezY9hSGXy+SMNj8KU7sZLE/hWcNRjHZvypf7TTPCt+VAjSjDEZ8z8MU8qSRmX8MVlHUht4RqBfsRwjflQBr7QOM5pAm3kMPxrJOoOP4MU7+02A5Q/hSsIA+enWpQ2F9TUAYZqRSNtQWKx49KhcnHFSNyMZqFyelAEluu6QGt/TUCygmuegJVxzW1bThSOeaYjqo5g3APSlMoFY4uCoHNWI7kHgnNNCaI9Wdnt2KKWOOgrnrLUtQs0KDTZDz1zXUeYjHkU7MXpVJ2JMJde1TjGlt/31Ug1zWD00w/99VsbowelOEyDjFUpCsZA1rWiONNA/wCB0DV9d7aeuf8AfrbEqcfLS+YueFq7hYwzq3iBjxYJ/wB90DVPEOP+PGP/AL7rcEig8ipQ6EUnIVjnTqHiI/8ALnF/31TDfeJM/wDHpD/33XTboxTDJH6VNx2MOG714j95DGPoamEmtMRhIvzrU3jNXLNBLIDjilcdija22tONzCL6Zqy8OsgfKsP51vqVRMCmGQE1SEcvPJ4iT/VQQH6tioPtfikHiztj/wADrrGbJ46Ug+lWhHL/AG3xT0+wW5/4HUiXviYkZsYMf9dK6gbSORilG3HFO4jlzf8AiQNzYQkeu+nLqHiAdbCLP+/XSttph20XGc22peIx006E/wDbSozqviX/AKBcX/fyuoyoHUUwvH6igDmBq3iTODpEf/f2kbU/Em7jSEI/6611I2HninrtzQBz0d7rpjDNpqg+m+hr7XcfLpqk+710u9RRvWgZyL6p4iXppCn/ALa03+1/EIGf7HX/AL+11jsneoSyZ4xQBy6az4jLYbRkA/661M+ra8FBGlKT6eZXRHaOwpCRQBz66trzKSdJAP8A10qBtZ8RKeNGQ/8AbWunwMU04oA5Ztb8S9tDX/v7Sf234mYf8gJf+/1dTxjmlwPSgDlf7Z8TdP7DT/v9Sf2x4m/6Akf/AH+rqiPSk6UAcv8A2x4mP/MGiH/barEGpeIWH7zTIkP/AF0zW+cA0Ag0gMcXuuf9A+P/AL+U2W+19UJXToiew8ytwcUhb1oA5U6t4pzg6TB/39oOpeJ8Z/syD/v5XTNgmkyKBnPxX/iZhzYQD/tpSyXnijHyWNuT6GSugDqD1FTB1IxQI5E6h4uH/MLtP+/1J/aHi3P/ACDbQf8AbWutIHUVEcZpgcv9v8Wf9A+0/wC/tNN94uJ/48bMf9tTXVcYppwaAOY+2eLSM/Y7Mf8AbSgXfi7/AJ9bIf8AAzXTE4FJuouBzX2jxfz+5sh/wI0gufFufmisv++jXSFqaWNAHPeb4rJ+5ZgfU0m/xVnrZj866MyYFN832oA57/iqj1ksx+BprL4px/r7Mf8AATXR+YDSbwTQBzXl+Kf+fq1H/AKclt4obj7fbKfaKujJoV+aQHPfYvFXfU7fH/XGkNh4mPXVYvwirpDIR2pPM9aLiOcFh4j76rF/36FKNO8Q9Tqyf9+RXRbxR5i9M0Ac9/ZmvnP/ABNwP+2QpV0vXe+r8/8AXMV0O8Z608NmgDm20jXD/wAxpx/2zFINF1o9dbk/79iumzmlXbjk0XFY5tdB1luf7clH/ABUn9iawBzrcx/4AK6ISqvcVHJcJnqKdwME6NqZ6azMPX5RUUmk6mq/8hqb/vgVuPcKM7SKqy3A70mx2MaLS74yYk1OZx9BW5b6ZMsYBuWI96fZhXfJrUeVVXbwMUAY89t5MRG7NZaLg1rX0uc46Gs1hx6UMDL1p82MgI42mvPNoY8AV6Hq4xZSZ54rhjGAxwcVmy0MgjczAbBW5HG20cIv1rLhUCVeRW/GqGNc7fqTSGVWjcnnbijyMrwVq6yKnI2mm+Yq8bV/EUAVYlC5GwZ9QaVotxOD+lWVdMdFDU4yqOCBn2pgV0hyPmFKLZN2S+2pvNRRywGajJizndx2NIBDbhxgMDSi1WMfdzmnBwozvBpTcJj75oER+Qp6JTTbgHnj2NPF5AG5Jx9aGu7dmyAcD3oGMNplc449qEhUDncKet9ACFLj86cbqEAkSCkIga23/dBNOFqFXOSKU30Oew+lH2yBhQxDMYp2SKYpFKenFYo0EZznrRktSHHegtjp1qkBIFCjJ61PDOAw5xVQEt1NAGDTFc3Bfx7cFhSrqES9XFYipuPFQTQsCfmNFhnTpqtup5lFSnV7YDiRfzrjmhbPXinCM8VViTrU1aAnmQVIdYtF5LiuVjhPBoaIZ600hHWxavaSdGpZddtYmxnOK5eFCtI8ZZyetVYR0J8S2mcAH8qd/wAJNaAc7vyrlzB83Smvb4HQ07AdQfFFr6HH0ph8TWvvXMLbqV5HNRNDzSsB1i+JrUnhm/Kr0PjC1hACoxNcXFbqF6c1at7TLZbpT5UB2P8AwmsTdImNRzeNYYsboyM1hRWa9hzVDUbY7sMKewHRn4gQg48ske1KPiHFj/UNXDizHWp44FCkbB060XCx2B+IcA6xNR/wsa0H/LFwa4s2oZvuikFgrNgj60XCx3qePbWRN2wj60o8a28nRSBXD/YUAwBThaYHXFFwsdz/AMJfbnoMmnDxbAMbov1rgfJYNkGpUgcqSSaLhY7v/hLrb+5+tO/4SqDGdv61wuwjHel3M2ABz60XHY7U+LIc9D+dM/4S6HONhP41xhjOeTT1Tii4rHYHxbB/dP50DxbAf4D+dcikS7/nXinyQhR8op3Cx1P/AAlsDf8ALNj+NB8WRg4ETfnXHrGyt0p/lEknFK4zq/8AhLUxkxsD6ZpP+Eui25KNj61yXkOST1ppiYDbii4WOs/4TOHsjfnTf+EzTODEcf71cgbU5xio3twG/iNFwsdmfGkWP9Uf++qUeNIiMiM/nXDyRKeAuKctulFwsdofGcZGfJI/GkXxrAOsXP8AvVxcsCjGM1GLMEbgT9KLhY7l/G8QGRF+tJH4yWTOIR/31XDG2BHINPgtlEnGfxouFjuT4ocjIhGP96q7eLH7Q59twrnGQiLiqroT1ouB1Y8WPnP2f/x8VIPFrdTBj/gVch9nA5yTTxb5HBNFxHV/8JnJnAtx/wB9f/Wpy+LnY/NbY/4FXJi0JJIJp4tWA4NFwOqbxdgfLb5P+9Uf/CYS5x9l/wDH65b7Kc55pTAfSncDpz4vk/59v/HqU+K2C58n9a5YwbvX8aT7Pg4ycUrjsdL/AMJdJ2gGPrSjxTM/IgAHua5pbQk/e4qUQAcZNFwsdGfEk5XIiX86i/4SK7P/ACxX8654wYH3jSJCxJOf1ouI6hdauSuSiA+5px1udOWMYHpkVzHluepyKYY9xwMj8aLgdN/b1yTndHtp39uzY4ZM/hXLmHCnk0gjIHHNFwsdQ2uT7f8AWKDUa65cZy0qY/CucCEnrShC3FFwsdMmujGXul/3RUMuvMW/dzgD3rnDAd9IYCCOKLhY6iPXSY/mnXP1qP8AtyZm/wBeFX2rnvJ56Yp3lccii4HSf24V/wCXhqik1e4xuW4IH1rnxGA3PSlMZZuKLgbB1ed+DdflQNRbvd1k+UBxSeX6ClcLGudTJHyzZNMW9llkAEprPWPHatPTLTfLvI4FAHQWMpjiBaQ7qupOGPzucVnhB2FWIUPU1SETXUqMAFHHrVPGRzT5W5xioyeKGI57xNculv5UYyW9K43yLgnkn8K6rXZVa7VVbO0c1lsozkDms2aLYz4bSdm9614dOupEHznHpRaEdwc1swcrxx+NCBoyv7MuA2N7AU59LkXBMrGtok8fMRSNx+Pc0AY39mydpWzQNJlJBaRx9K1CpYEk805Mhfv0AZJ0h/45WI7UDR0I5latlDuADEUhVd3yn9KAMb+x0GcOx/GnjSVxncfzrVKgjB4NJ5agctikBlf2bGp5Ut+NPXT4x/yz+X61o+WMABqXyRt75oEZ/wDZ0AOdo+lIdOib+ED8a0xBxn+dMMMZJPINAGcLCBTyBTjZQDBKDFXhGucE5+tSPENuNoz9aAOfRgak3Y4rOa62MQBQLzccAVia2LxfnAp4X5gBVdHBGamVs4PemhEgBWl644poDE461Zjgc8nGKokWGLPOOKJoQeQKuRgKmOKSRRjpTEZ/kFgKFhx2q1jHFNwc00A0LgdKb5JzuIp+/aaCxI5HFMQ5Iw3XihgFOBTVk2gEik3Fm4qrgG0Fs1M6gqMClCjbyQKQsMYBp3EVmiBNCwgN0qUEFuKnHI9KAIViXeAOauQqqkDFNjQbsgVaRRwTRcCxHGAmc1m30O4lsVoFwqnDZrPupweM0MDNEPzAVK0QXinRAM+etLICX5HFAyJYlzmplt1U560qg43CpUbceelAEflhz0qVrRdmFxk+tSHGeDTep60AVRakNjinmEqvTrUrfLyTQJd3B6UDKywkHilMQUZxzVgFQDioy4PagCApuOacExyeafkZ9qDIp4ApAKuByRSv842gcUKyYxmmSShRx1oAUQlSAvXFKUPRqZHM3Umn+YTkk5oEGzOAOKcIgDmhG4yelIZBQMWROBxULQgg/wCFOMme1Ak7E0AVfKOScUCIdcCpZJVDEc1Ezr0HWgBjR7j0pPL284/CpVk201pQpoAasSv14pywBZcA5FORxnIqcOu4fLimIa8WyPOareUG61fmK7OtVEUBskmgBvkgEVOsaqOhpw2sM+lSZUKMHmgBvlg9KckYX7woBUnk4pSTk4BIoEJIqA/KKjMSt0qR5AFxjk0xWoGMaMY6c0iRqTyalXHLc4ppYFuMUhjdnOB0pSqgcClVsZAwaD0oAi25PSpBEo5IoHWng0wI2iG4Y6UzywG6VK+Qc5oU880gGiEGniFenT8KlUdxTZM4AzQBXeNOgphiyRirIwAeKZkKT0oAjEa+nNOKc09eRzjj1pv1ouIQqM/MSaQp37UpzS5PSi4WIzEGpwhx2p6+tPLnpii4Efl560wCpWb8KQ9etIB0UW+QKO9dBBCIYQMc1n6db7m3noK1epxVITHRqWqyDsWmxLgZpWO44qhEWPMaqmpzx2tqzdwOtXzhFrivEuqASeSpz61LYJGXJIZ5WdjyTmnhSO+azBqCBvuGpTqijohqDQ0oiyvjP5VsWrK4xv59K5RdSkyAsYq/a6jMxI2qDjrQgOjyWOApOKVzs4IPPtWIbi8YcPj0xUZku2JLygfjTEbW1hklhio9/Xmsn99943FQNyeZnpgbf2hADudfzppvEAOJOfrWC0eP4yaURORgI5pCN9bxZF5dRj1NQteHPGwj2NY/2Wc9EYfWnLY3Dj7pGKANRr9o+hH501dTYdwT9azvsMn8W78qkj08tzmiwGouqKFyWGfSmnVgOfl9qovpowGbcKmj0uEpuO457CgCU6rzxj8qY+rMTwwz6U9NOt8dWz6GlNnAgI8vJpWC5iS27Z+tQrE8bcira3LI37xTilknEoIWMis1Eu5DHMikqWAqZbmID74P41z90rGZsEioVDDOWp8ozrI7pM8OuPrVtLxSo/eL+dcYhb1NKHkz94/nTsI7hZ1xzKoH1qQ3UIXBlB49a4UzP03HP1pRO3fP50Csd0s8G3PmL+JpjXMf95fzrifNkPOTj60jSS4++R+NMLHYSzqRwyimC49XFcgJZh1c/nS+ZMT/AKw4+tMLHWfaB3IP40v2keoz9a5IyS54kb86cskuPvk/jQFjrxP8uSf1pok3dSBXKNPOQBub86kWScrwx/OlcLHUxvtOd2atLNkVx6yXGOGP50ouLjdjccfWncVjuYWzxVrBC5Kk1wJv7hAAsrZ+tKdUvA3Ny3vzRcOU7ZpMA5TFZ0xXdXNnULlv+Xhj+NNN3cEH962aLj5TrrWFGPWr/wBjQrnrmuHi1S/iXCzMBV1NY1EEH7QT7Yp3FY6V7UqOmBUYQL3/AArFfxBqDpt3rj/dpv8Aa94OykfSi4WN5VBp5XAxWGur3O3lF+uKRNZusfcj/Gi4WNZkPNNCEdayxrUpbDRrml/tl1bHlqaLhZmp5YOcGoSDnFU/7aOf9SB+NINZj7wkk+houFi6Ez/FTSuG6iqn9rQjny2H40f2pBjPlSUXCxbC570rRbRknNV11G2YZ2SA/QU77dbkYO/8qLgPA7Zp5UBRiohdW2fvMPwpftEBP+syPpTuBMM7R2prZx1phuoRjMn6UhurfvKtFwF5wDSsTtyRQLm3IH71KXzoGBHnJRcCuVLNyKXauOF5qdWiBP7xPzpQ0e7h0P8AwIUXAr7GbjbikMAByxq6GGOHT8xTCFJ+8PzouBXXrwtWCTLhQmB601TggDp9atBQVxyDRcVivJGQoB6VEEIHtVqUnsOBUBYZxmi40hgQ7uDTypOM07gDOMUDnGM0XENOcgU5ZGQnIyKAr7iQKVkIGSKLgQMxY5xikIxyOtPk6YxUeD+FFxWHlyExmoBJyc1Kx46Goin4igaEaUr3o818UpQEd/wpwxjoaBgHbHSpMtt5pAWz904+lPbLLwKLiIS5zgk0K53YzQUPcYpyrzxQMm88qMAHFO8wEZNRrkjHanmEsvFADS/pUTMe1L5Tpnv71Gd2TSAeiSyAkLxTRuwQaUSSBdqkincjGaAI/nJpxZvTmlcADim7yOduaTYCh2+lBkYDPao2ZmJ4pPm24NFwH+bkVNbgyyBQM5qsB8wxW3plrtXzW/CqQmaMKCCIL3qeNdxzUSrubFWgu0YqiR4pAcvSFgFqNZPnPNFwI9SuBbwOxPQV5nqE/nzvKxGSeM11fiXUlRTFnnvXEP8AvX3EHFQ2WkLHAX5Lrj61YSxXPMiD05quIFAyT+VOWLK8E57GkMs/ZljbIlBxV6zgjaT55cZrM8or1Y1dt4SJR9KBGt9lgPymb9aV7W1ixlwRUS24cen1oa2GOvSqAnRbPBwUpDLaA7SVHviq8lsiEYAHvSvACv3VOaBFjzbdOd6kduKlF7asOXP/AHzWd5KqB3+tPRFOdyikBeS4tGON7n8KU3FsOjsKpIiBuOPpUj+XIADkUAWPtFsFyWPvThcQLGWTcR9Kp+VHgjIzjvSQr1G8fTNAFuK8jc9z7Yp63UatnY2D6VUVIwM9D7UKy7sc8HpmgC8uoIpx5O6nSaimPlgAJrNdT5+QMD609lVxkEAj1NAigzK7bsjH0qRpI/L5qiJQq5HWmFnccnioRZnXbJ5zc1WBXtTriMidj60wZBqholQgDJpxkTOOKjzyAaZ5eWOKQExkj7jmlEkRPSoOenFOKHOQKdgJvMTHIpPNjP8ACagYMAPlPNJlzxiiwEpmTONtOEq7uFNVtrFunSplVicgCgB7zKONppPPBxhab5ZByxFBjHBAzQA57gf3aEum6YwKbsXljx7U1FUtz0pAStduAKUzvszUTRKT97j2qT5AoG6mAnnvwAv401rhiQNtOJXgZFR5jDccigB8LuH4qx57q+DnNQI0QIIOKGeLfli1AFkTSPnHQUoncsBziqnnqDhQRQk53d6ALaTyNJtB4p/2qRSQD9ao+b824ZzSrLub7hJpAXxeySPt34A9KV5pEThqpK8gY7Y6cXuCPu8UDJxcHqW5ppuGLFgxxVc+apwVGalfz2TGFAA7UATrcuI+QTmm+fIADzj0qsI5iABJxSiKRckOKdgLSzFtxOfpSGZtuMkHPpVcRStkmT8qcbeXaT5uRSETid94G5sDtTjcSmTgY/Gq3kZIy5PFHkHszUAWJJ5PMAzz9aTzmDAH+dVzCofByad9nDH7pC+uaAJhcEs25gfqaRLoEnfJUa28ZYjj8aXyyj7VVQPU0ASfaFZgVkx9Kd9pjGf3jfhURTDgbVxSnHTC5+lADGvDvyC2PSlFy4Ixvx3pSCDg7acrFRnjFAEqXe0YKuaRrphn5Dz70AMVBBpV5bls/hQAxLtlXHllh9aUXk4JKI3/AH1SlQVAzxREm0NgA0ABvLxxn5vzqP7VdEnkjHvUoCqjHP8A9amKoYnaRQAG/vAuC5/OmjULvtOV/GpGxtwUH50wnAK7Ac/3aYho1G/ycXT04ajqBx/pMppEwI/T2NSB87VXGB7UDAahe9ftEpPvinLqt2M5mb8hTOGlJJx9KZIF52nIzQIsrq122AZGPvgU5dYug5UEE/QVUIUKMZqMgFySOnoaAsaK6xdnoU/75oOq3n3tyD2xVK3YLnK8UGRCxGOKALp1a7IB3KR6YqQ6lOyEgrn0xWeWCx8EVJHIWibaBmgROurXCHBIGfUVIdVnQZJGKzHJMg3KfwpzKWHtQM0RqNxICVkH0xSrrFyqkZXiqMbEKcLiouWY5yKANQa5dbTkJkeoqJtauG52R5+lUE3BiMAimsODwRz0oCxox65MGAaOM59Kcdbl3cRrg1lon7xTzQ5wwGTn0oA0TrThjmMGmnVn39AB6VmsmXJzzTznmgDTGslWwYgfxqT+2MrkwkY96ySU/GjcojOcnikBrLrMSMreTnPPWtmDxdahFjNuwPsa43A2qSDj6U5PkkHy5BppiaO5i8X2CMd0co/Cp28X2BGfnGfVa4CVc8jIpc/KMGncOVHeP4lsnGRKR7YqrP4kt0UlGZj2rj2Z24KDOOCKVFcxksoxSuFiS+uXu52lZtxJ6Go7dOGye1JsY88AetTxIzcDFAwhRWJGQKcQq5G4cGlxsIIHOaa2fmbp9aAFYZUnFWYXIdDgmqh5HLYGM4qW1lXzFDHA9aBM3Djyl3LxTcLjdyBTWmiMYAlWoXniUMDKTj0qgLTGE49/XtTFaMKQD0qqL6HbgqxHrio1vIwxxGT9KBFwFCnUZz0qRTGjYIOO9UBc5HFsT7mlF7L91IAD70AWnkiRwQAw+tSNKkigquDVJTcHP7tcn1oC3GP9Yq0DNDydw/1Y+oqOPEbkMgGe9VFiuCc+fkfWk+ytv/eO31pCLodA+WKAY60jzQDJ3L17VB9lRMfMGU+9OaCEcgg0CEmuoFIKcn0oN/Gy8RHd7ClVYe4ANL8gOAMHHBpMDnGnZmwqmpUkfGNhzT4YpC+NvFXEADYxzQWc/c7/ADDkEVCS392t65snuGyMVRlsnhPzGgCgTIaFWU5xVwQg+9aFhZJLnPFAGL5MgGcU7bKDk11f9nwpgY/Om/YLcy9OaAucqyyk0143BGWrsJLK3VgCgyfSm/YIGkP7sYFAXOQAf1qQRucZzXRmyi8xsx4FTx6ehJKrQBy/2ZyxxnFSpp8xxyea6X7MqS4xjj0p7w4dcjAoAwBoVw4yG4pRoMuceZ2rovM2japp8TqrfNhjigDmjobrjL1L/YcYUbpDk+1b1w29wcgYpzoAFy+AKBXMD+xAr8AkH1qRdEXutackn7zG4kUBx055oAyhowALJz9aqtYMjjKHr6V0CkABQalQQgjeRxQM5RoOSCuCDQsA78V1EsUDIxGM59KrrYRMCcZagDEitiSx2kj2FTLbKpAZWU1uWiwxB0Jwakk8onO0NimFznGiw+OpzTzA3GTgVt/ZUZ9+0Z9KfLBHtUtHxQFznPIzISSeKkMCEE5rZewSYf6sj6U9tIQRko3buaVgMMwK20cgVKlqioc5Ga1P7Nk+XJX8ajOlu78Srx78UAZflqGIycU4gBSMfjV2XTJFkx5qY9c1I+nhY+J0x6ZoGZxiAIwCcjtTlgkz9w4HbNTtaDcCJl49KV4UBB838qBXK7xHzVOw59KQxvvzt/DNTMvOQXNKgUNu8uQnPegZVSHMjMVpwUFiNtWWMmSfs74PtUeZMHFqfxoC5CIyW4YdaDHyNyjr2qRUnXlbbHNPYXTgExqOaAK7qobBwvuaVIo+hIPHp1qSSG5Zh8imkEV0w2jAx7UBcQIGGEJFOFszA4z+FOitLk9WA98VL9kuAh/0jigLlfyvkC7XGO9N+zEZIdsn3qX7E7rzKaF0xmUsc7R3NFgIxGixMrMMnsTUKogzmUD6Grw01ChLFfxNRGwAIGwEH0oArOYtuDMtKk0C8F8++Ksmw+YfIMe4p62W7PycjpgUCuUHlhLZXcfwpDODjYprTXTZCMlcD6VMdJdSoC8mgDFD4zmIn8aAWwSIjz71r/2ZKWIbH509dKm8snjHuaAuYwMuMeVn8aTEu4nyVFa66bKH2gD86a2kTmQ/d2+xp2Ay1WQAgIlNCSqSQErXTSWIJ3KMH1pi6RKWPzoOfWgRnMJmXG1APpSoJUU7So/Ctd9GkRRmZTmmrorMjt5nQ0AZTCY43SLn0xSskxON65+lXzpUh5VwfqKk/smRFyzHJ6UAZe24z/rF+oFNHnAklwfwrZTSJGY7nPA7Com0mdYmPmHb7iiwGSWn3nBXNJ5k4PO1q0o9NZj88hA+lSjSwvJbP4UWAzPNlIGEXPtSFpN2TCM1upaRpgMKkaCFm+UdPUUWA5wyNkk24/A0NMy8+QBXQNbwnJIA49KPsFtJGSyt9QKLAc6ZSDkwjB96UzjkCI9K2n02BeQcij+y1IJjHaiwGGZMgARnj3pTKDjEePpV97CVBkLuOeOKZJFLGV3x847CiwFN5mxjy80eY+zHlj8qsshz93H4VIEJQ8ZApAUhLKSPlHAp/mTsu0qMVMYmVgQBz2NIyyDJK/TFIZCfNwRjihTIvR6lEbvnORTUjbODg+9MBAZyMmQkUxlkwcyGrCxthgePxpHiwuA35nNAiDyiVBLYqSK3UkZPf1qXYmxQzc+tSbV2D2PWgC9FaRqoJ5p5hiKnah/Gp7ZEMIyTwOtSuFUnBH0FMRUSNFQ45PuKQoDkqPm9AKtxhCjkr2qNFZBlcYPtQBEDKfl2gcUwo4cEVcDBc5K89aU7GXI5NAFRUZmGXK/Q0pgfGCzc1IAwYEAflT9zE9vwpgRG2C4yz0htgXx5jmrO5gBkfnSK22QnHWkARxIrhGyee9TNCoUgJx61E0mZAe9O+0spwSD+NAEUkYGzA5p7wbsNxnFLJIhADMv4VA04UjBJA96TEZALIwK5xmrG8Ejkg96oJKxHQ/Srtqw+8Uz7mgstQrznmq2ooMY6H3q1G6liRgU6dY5cZIoAxmgKxgjrWjpkTBdxzUzJbkY3c1NDJBGoGaBEzfNKMioimZjUhvIA+cU0XduCWNAxjZEmW/CpOjcHBPWo5rqF8EA1XN3huIzigRMi5kOGyc1bQSA4U1mJOc5WMgn2qRb6YZVY8n1IoAnkEhm+U5PrU4icspYFuKz/ADLkHd69qBPeM2FOMUAaBTkkpikCqZMjgAVUH2qThpCBTWgmDY3E570AWpI1ZyQw4p7unGWBx2zVF7bj55Dj60qWiGM5Yn8aAJme33klwD7U9WtNmGk+uKgWKBB8w5qXyofLLHbTATzbQMQC2BTPPt2l+4xWpR9n2cYpnmW+4c/lQArXcQUqkJx6mkivH3DbHxTmuoGG044pouI4wMKRmgBA8jSswiXPvSx+ez5+Qe1EM6MSWBFPM4ViAmaAFZ7hpPvpn2FEizHbul+mKYszjOIxz3xTmkdsfKKAHBLg4/fn8BQbdgPmlb86kV2yp2mlkTeCxOCPemBC9vHtGZGB+tQLFEjEeYcVYZCxGSp9qnSAKMlBz7UgKu2HacgEUpjhkX5ExVs26qxyuRTzbqE3IqjnvQBWWC3BG4D6etSGEFgqxA+1SuymYAgcU9yPNGB2oAhaMKvIQkdqZGQCNyL19KsmREQHZkk+lRQujyZ2c570AQ7Hmnw4+XsKlNuGddqY+nNSowE5+XgVOko3DZxQBT+zbugY896UWakDchzn1qfzsH7oJzzzSm5BiGVxzQBUksyj48vI9mpxtYSDtQ5x60/zV6YP405SqqW3j6UAQxWi4y2cZ6UslrD0VTn0p0MpKsTng96md0ZckAkD+E0AU0tmDAlSB7VOIFMbZXcaVJVbDHOB29amZg6EqmwYoArCBPsZYhePbmnxKm1COG9MUinfCUBHWlWYLhduCDQA5jvkO8ZpEiYKdgBBPc0jsDIcrnimo6xxnep+tAEgJB2lCOaUgiRT79KYl3GUwSBimNeRFx85UDqSKBj0ILSb4sZ6E9qYsbFSig4z1NI9/GRgPxUf22EZywb8aBFkxEAFxnA7UxlILnB6dM1ENQhbgp06Go1vsOTtUg9iKYFiDLRFdi4z1zTTApbbnBPYGojqCoMBduewWojeLu3BefXFAF4xRqoBJznpUiYUOM/Lnpis571SAcYP0qRdVVQVOQPZaQEnmJhl7Z7VIPmT75b2NUmvo8EqW+hFOXUF8sqw5+lMC9AxWU5PGKA6sHAPFVIr1AdzE9KZ9rRGJViAexFAFxTGvO3cCKaro6lfKHXvVf7VGBw45FKlxET/AK9VB6gigCz+6IGcjnio5WRZFVsEGm+fGWUCeLaKbKUdxsljJHegCYqgQ9DjoCaYJVBZTGBketNwVJLmNsjg5qVQp+4i5HvQBGDH02gVOXUjp2qJ0fqVBNIrM2CAR7UANDhYzxk544pZH8wDIB+oqIySbWwFGD3p/wBobap2oQOpoArTWisCQ2D6YqHaI0ZcgZHcVdknBJZUXFVpJUlHCqCPWkBSmADJzmozwxBI20+a7VflZEJFVpLlScgrj6UrDHANyATimqAHGB+tQm6UE8nJ9Ki80sPuMRntQBdbYGOUIz70hCqcqRz2NVRJKw/1RP1pjLKw4jx9aAL3y7ASR+NAYKhI61QEMrLjcAKkW3l7Nke1AjctJf3e4nOO1TvcQMRnIJrOtreYIGDNjvVsWAk+Ykk+9NCZOrKEbL4X61Va4j5DMR6EVILIZA25py2kQJGzn3pgRC8iTj7/ANRSLfhRwD+AqwtuFyQqVIsAZQyJ83sKQFQ327GY2zTTdufuowAq4YyZVJGO3SntEEPTr6UAUjdTOmFRs9s1Gz3OcEAGtRY1zkIc0vlDzOV60AZmLlh95RR5U7OQz1qOYlJyAMUFxswqLg0AURauEy0hIpslkAm4FqvgLtwStSEqUwAAfekBzQyRgKBTsyAbQQBSBXZ+efpU0ULs2TwKCmCRSBc7utTJbFhlpKcIzwCalFsducmgQxLZAPv0GOFcZap1jIT7tILNmw2KAImSIjimIsYJyAastAc428iljs92d3NAETOmQEAAphlQsMjI9qnNuicADmkjhG7saAITcjdhFwPpRHcDk7SauCBRksAKSKFeen5UXAq/amYlQmc05DIXJEeBUm3bIcL+NPYYHBoAYzy7QMDk0peUHBxx2qRApAJHPrSmNQ5cgk/WgCEKXIDEDNJJAqkhZatQoJDuYcUssaZ+XGfSgCn9kVlDFyeaVokRACCeasMudo+6fSklDBVwOc0ARLHEZOV47UjQx7yfLzU6rMXHyqBUskOUZicGmBAkUKx7vKA9zUxliUAmEEY44pjSOIwpC4qV0fbubaAR0pXArRKTISIwQf0qRZV8whlHvxREGRskgiklikBOCvPpTAejq2SoAFKwDHOQMCoIyYHI2Bh61K7+bnGBx2ouA6OUqRgbvfFSyoNucAe9UkkYcZ6U97hBEcyMaLgSzLCgXYx3/SpNh2L8zEmqxlRolKvyPWmy3PK7ZADQBbDM6OOSc019xhwOoPpVUTbeXuAB7UhvlQ/JMxoAsxr++w3JqVwQ5AYdOlZ4uoixJL7j70w3cecqrse9AF8lgAGdR9TUaKqyBmnXr2qH7fwD9lJx0qNruZjkQADPYUAX2nVHO0qSaXzgiKSBuHoKzN93I5O0j8KlFveSocvx9aALizblxt6ntRK4jRVbFVFs5guHlKgUr6eCgJmJzQBLNeRoo25PPXNKb+IAAjjFRNp0aICzkk+9TRWNvzuYHjnmgBovYtpCgnPamtfMgOxOD1qzDZQjcSVA7U42SJyzqBQBQ+2yEDCDP0oN3cZ4ByR0xWmLeLapUgexpvlLvPQ0AZu+6kHC7RTRDdscg9O+a1UCJGwDD8ulPTKIGMw/KgDMEVyOs2DTjbzugzM1aDiN1zk9OoFQoE4xvyaAKT2RDDc5PvUw04HaCCwPoauiKMgs4fA7VE7EyJs3BPfimBXNnFGpwhJ96QW0PBCgGrrsik5Tkj1qvGq4b5epoAaI13htnHfin+SHkOCAAOOKlVUKHIAPuaIgN7AjAPfNAFcQMXxhfrTpIwABhR7+tSkIr48xSfSmmRZEABXg9xQA0w4UHYmPegxrtJITHpinSSLswWApybDG21gRjqaAKxhDtjy1A9qWSFAxCR5AHelDrzh8nParInQtllIIHUUAU0hkOGERK49KGETKT5TcDmrsU6s3DNj0qIyHLAE5PtQBV8qNkBVOT7UphiKEOpz9Km8xwAqgdOtKXl8o5AP4UAVDaRGIMo59KT7AMK47+9W/ODxAbO9MKvuAEZK59aAIGsAckvj8ai+ysB8srD8a0CrZOIx071CVmYDOAp9qBFf7HJgESsT7GlSCU/8ALdlIq1HCwOFapGR884NAzPNq75JnPWkWzdhnzWx3xV50zGcevagq6wZXI9aAKgsEI/1jkCnLZQ4/jz6irKtIyYP8qAflHO0jtQBUm02Fo8hefeq0umpExUoPyrTyCvDZwakuI0dQWfGaTA517VEf7hH4VGIlyedo9K0LhWjOf4exxVMtljuGPwpAMZBxgn8KVlJQEHFM53jB49qR2LIODgGkMWJcEhunvUvlKFbDYqsPMYkkcZ9alZWIJKnA9KYjVtMLDjeDx0q6GQqME5rOsXUIA3Iq6DGwwFJI6YpgA3CQMp4oZgJQw/EVEGGSGyGHTFOSQFtrLQBIsilidpz6U5CQPkDLUaKivlTz6E0qyRrJgsCfc0AG5txDnHNNYgZ5NMnniUkAjH1qE3sABJBagCYOzYKluDUxLMV55qiNQUJ8sXPvULSzyNlQce1IRoSDeSvBxSIoCnOBjtms794TjnPvUq20si8yYpgWDLGgPOeexpzXEbJkHmq8VieSz1J9gDE5akDKauiEbRmrlvlwW4FFFIpk+wAjvVrcQnAHSiigRG0u1eQM04F2APQUUUwRGNzO2TwPSkRvmOCcUUUDBgp5zSKoaTIO1RRRSAdlWY4fNOVtikgDNFFAiKMbm5PNIVYMd3SiimBYSRHjA2cCopAaKKQxkbMrc5xUgk6nABoooYMhklAIzyaeZ2CqSB7ZNFFMQGUk5Z1U+maie6GdokBoooGIbpcD5sYolv42QDcxNFFAEYvQMEKxAoa7mLZ2kA9qKKEITz5n4C8etBackD7v0oooGhghuN/3xk9iak+wTFWLOFA9+tFFAAtmzJ/ralXTgSCxyaKKBEg06EKS3X0qYWUKqpRQT6YoopiEW3Uyn5efpT3iCOBsCj1FFFACYHGW5p6rGMdznkUUUDB4lErHqpHSo1jBkBWTC+lFFICVVZ+PfvTZcKyqUHFFFMBSQxCqAPc0rMqscAH3FFFIBYy/ks525PSleQGJTIo+lFFAArNIvTjtQjSKDhfoaKKAHAyPCQ/Ue1M2SPHxRRQAirKX2q3Qcg0BZHkGGH50UUDA70yHJ/A0jspZFIz9TRRTAfKAsgwAFIwSDTVjypIyTniiigB+04ACBieue1JhvNI28YoopALHbFWJHXHUikC7QOBnPpRRQBNNGoiJdQTUKqhibAGT2FFFAhiLEjDeuR2AqZVj3HCnGKKKYDQAjjYBtpCpP3FBJ65oooAg2NG4LD8AanilyrKyHPaiigBCg8noc56CnyMEUDIX696KKAGfLuJ4OR2NQtJlQoYgDtRRQAr9jlguOcU6O4wAqtn60UUANMjIxB9e1PM2bfGOaKKAEWQq/wCFNa5GcY5oooAQSEIdq/jSEyOASAVoopAITujxtyPSs29haGQMCSD1FFFAFEsPMHXBprsu3jJFFFICPzkUZGPpT1myOG4oopgW7WZUXJz9an+1spylFFADWuZJGyOCaUrcOAC4+ooooAb5UqnO80Lb7yNzsaKKYiYWse0/KTTo7ReQEH40UUgZL9nKrgBPrQsJCfeAzRRTESLbovVwT9aEG37+CvaiikCE2qScA468VIBuXChqKKCj/9k=', '', NULL, 'Bangladesh', 'Dhaka', 1215, '', '27 south bashabo dhaka', '', 'https://www.facebook.com/', 'https://www.facebook.com/', 'https://bd.linkedin.com/', '2024-04-22 17:14:37', '666c8c53b3981.jpg', '103652922257290511366', 1);
INSERT INTO `users` (`id`, `first_name`, `last_name`, `gender`, `email`, `contact_no`, `nid`, `passport`, `visa_no`, `country`, `city`, `zip`, `occupation`, `address`, `password`, `facebook`, `instagram`, `linkedin`, `created_at`, `profile_pic`, `auth_id`, `verified`) VALUES
(19, 'Octagram', 'Limited', 0, 'customer.octagram@gmail.com', '', NULL, NULL, NULL, NULL, NULL, NULL, '', '', '', NULL, NULL, NULL, '2024-04-22 17:53:51', '6626a42fcfdc8.jpg', '111699968891513136862', 0),
(29, 'Touhid', 'Sazzad', 0, 'snyphar.x@gmail.com', '01533916416', 'uploads/WhatsApp Ima', 'uploads/', NULL, 'Austria', 'Vienna', 1214, '', '27 south bashabo dhaka', '', NULL, NULL, NULL, '2024-04-25 17:10:02', '662a8e6ae49af.jpg', '116183049681078794375', 1),
(46, 'Touhidul Islam ', 'Chowdhury Sazzad', 0, 'octagrambd@gmail.com', '01533916416', 'uploads/WhatsApp Ima', 'uploads/', NULL, 'Argentina', 'Alberdi', 27, 'Software Engineer', '131', '', 'https://www.facebook.com/touhid.sazzad.9/', '', '', '2024-05-15 14:51:59', '6655e66e6ef8a.jpg', '116363466081408185046', 1),
(96, 'Cid', 'Signages', 0, 'cid.bd.signage@gmail.com', '', NULL, NULL, NULL, NULL, NULL, NULL, '', '', '', NULL, NULL, NULL, '2024-07-07 13:30:48', '668a9888bd2b9.jpg', '108930505332807841946', 0);
INSERT INTO `users` (`id`, `first_name`, `last_name`, `gender`, `email`, `contact_no`, `nid`, `passport`, `visa_no`, `country`, `city`, `zip`, `occupation`, `address`, `password`, `facebook`, `instagram`, `linkedin`, `created_at`, `profile_pic`, `auth_id`, `verified`) VALUES
(100, 'Touhidul Islam', 'Sazzad', 0, 'snyphar.ex@gmail.com', '01533916416', '/9j/4AAQSkZJRgABAQEAYABgAAD//gA+Q1JFQVRPUjogZ2QtanBlZyB2MS4wICh1c2luZyBJSkcgSlBFRyB2OTApLCBkZWZhdWx0IHF1YWxpdHkK/9sAQwAIBgYHBgUIBwcHCQkICgwUDQwLCwwZEhMPFB0aHx4dGhwcICQuJyAiLCMcHCg3KSwwMTQ0NB8nOT04MjwuMzQy/9sAQwEJCQkMCwwYDQ0YMiEcITIyMjIyMjIyMjIyMjIyMjIyMjIyMjIyMjIyMjIyMjIyMjIyMjIyMjIyMjIyMjIyMjIy/8AAEQgDIAK2AwEiAAIRAQMRAf/EAB8AAAEFAQEBAQEBAAAAAAAAAAABAgMEBQYHCAkKC//EALUQAAIBAwMCBAMFBQQEAAABfQECAwAEEQUSITFBBhNRYQcicRQygZGhCCNCscEVUtHwJDNicoIJChYXGBkaJSYnKCkqNDU2Nzg5OkNERUZHSElKU1RVVldYWVpjZGVmZ2hpanN0dXZ3eHl6g4SFhoeIiYqSk5SVlpeYmZqio6Slpqeoqaqys7S1tre4ubrCw8TFxsfIycrS09TV1tfY2drh4uPk5ebn6Onq8fLz9PX29/j5+v/EAB8BAAMBAQEBAQEBAQEAAAAAAAABAgMEBQYHCAkKC//EALURAAIBAgQEAwQHBQQEAAECdwABAgMRBAUhMQYSQVEHYXETIjKBCBRCkaGxwQkjM1LwFWJy0QoWJDThJfEXGBkaJicoKSo1Njc4OTpDREVGR0hJSlNUVVZXWFlaY2RlZmdoaWpzdHV2d3h5eoKDhIWGh4iJipKTlJWWl5iZmqKjpKWmp6ipqrKztLW2t7i5usLDxMXGx8jJytLT1NXW19jZ2uLj5OXm5+jp6vLz9PX29/j5+v/aAAwDAQACEQMRAD8A76kpaSuM9wrXP+qb6V5DquPt8/8AvmvXrn/Vt9K8f1cj7fcD/bNEdx0/iM9utVbr7lWGNQXP+qqzd7Gl4RfbqwHqK9PhHFeUeGZPL1mLPevVoTkA1z1viNKfwk3eqd6Mx1cNVrr/AFVZFnJagDvNYquUukYf3q2NRciUgg1jrj7QhPTdVI9Oj8B0rybowfUVm3B5NabOvkrggjHrWZdMvPIrmpjiZM75kIqu3Wnzkefwaa33q7Y7GhTmHzUzGRippxzUS1ojne5m6lH86/SqYUCtHUR0rPxW8dj5rHQtXYR/60VrL0FZSffH1rSU5AqZHTl+zHq2yeNh2YGvU7CQyWcTnuoryk/eUj1r0vRbgPp0WWBAHrXm49aJntUOpqmQBari5zJtU0sj71wh5qKGHaSWGDXmq1josc94oRpHU7ePWuXt5Ps1zg8oetdprksaWbB/vHpmuQksp51DRjg16mDd4WPm84ilNMtvqdqg6VUk1tekaVCNEuWPNTx+HHPVsV2+6eIRRalcTSqucgkZrutNcmFBntXM2+mG2+6oz61u6dKySBGGK4sWnJXR6mAnCLt1Z0K/dpabGfkp1eYeuI3KmsO7doZUkT7ytmtysW9Ukn25q4CZ09hcS6hEskkezb0Bq5NGPLIY1m6DfJeWigEB0+Uir1xlsqprCWkikchrcS5fFcdIuJfxrsdbR1Zl/GuScYlP1r18N8B6EPhQmOKrSjrVpuKrScmuk0GrIEAVjwRWdJKscjFT3qzMm84qrHCon2yKcVrE+SzWmoV2+4w3VRtPmtE2cWelKbSH0qjyzMik3Sr9a6K0/wBWKyngRHBUdDWraf6uomfTZE1yyiWH+7VZfvGrZHyGqo+8azPeKV6XWVXQ4ZTkGtW18b6ijokkaMAAD71nXa81n7cPmlKnGa95Hn13UUrwO2k8cQKy5tmB7802fxbDdRGKGFgzDqa5O6hAdCR95amtYgGFYvDU1rYdKdVu0jo7YlowSetbOlcTGsi2XEQrX0zPnk9sVy1NmdE/hNoVFKcZ+lSrUNwMqw9q5Ecj2OCnvyurOjr+7LUs2n6bIxdgc1FqkKx3rM3AzwapNcBejZr16cfdTR8xiZzc2pG9ZRW9vb+ZEuMHGa1bS5LsF3ZrnoZD/ZIOerVr6LBJs81889AayrqNm2dGDlUc1FPQ34+RUifeqNOBipFHzV5x7xdH3PwquepqbOI6ixSEUb1SE3DqDmt7TrtpIYzIuGI4NYt4MwGq7Xly2nmODAdehzg03HmVhS2OyWbYcEfnTJdQihiaQsOPSvNrq/1tIlY/aOvPymrketSSQlBG3IwQwo+reZgncpeJNQOoX7Op+VRtFbnhy+WbTI4y4LxnBWuWuIySSRjJo0mw1C41MNaOUjA+ck8V1ypRdO17WNaUnGeiPQ96nkEc1G1yid65+fSNYz+5vlH1q8lhqAs8SSI04HYcGuN04rW53Rd3qjI8XLHc6fHMPvxviuTU4UVNqc+pLeyWt6SpB+72P0quegr2KEOSCVzWDTRcU5QUHpRFzEKVulbFkD1FjmpH602gB4+7Uc4yhqUdKSQfujQTLYyW4ardt9w1TbqfrV22/wBV+NUzno/GWlHIq7p1uJdSjLfdFUgavaUC9+EGc47VjUfus6Tt47SMDIU56daKktIJFiG6Tt3orxG/MTO1pKWkr3z5kr3P+rb6V4/rEZGpXH++a9huP9W30rxbxFIw1i4XOBuoW44fEVGAHUiq1zIuzaDUDliepqPaxNWatl/RX26rAf8Aar1y2/1a15LpsJS5jkPGGFesWbZgQ+1YVjWnsy3Va5+5Vmq1z9ysTQ5bUwC54rEELTTrGvUmtzUuprO06REv1L/hTbsmejR+A2G01Y7ZQXOcc1nS2yjIJzWzczbunSsqR8sa5oN3KiYF7beVIpB4zULdat6kTkfWqbV3Q2NCGeoVqaflKhTmtEZMqXwyFOKzncAVqagMQZrHVdwzWsNj57M1++JE6ir6fdqkoAIq4nQUpF5f1HP92rum61eWZEUYZ0z0FVDjbXoPhfTrQ6XHIIRvbkkjNc2JqRhG8lc9WEZSloySy1F7i0EgtnV+mCKiurrUJMhIirAcVvmOKMYAAP0pPJ43jFeRzxTvY69+p5xctqt1Ni6jby0PJxWrZSRwQYcjHvXS6rC502XAA47CvPri4ZIyuTxXpYapzqyPns3pNNS3OpSW3flXWpAYv7wrhFuJDkq2Kd9vuV/5aH866uQ8M7vMR7ioVni+2KiEE5rlLO5uLiTlyB9a6DSbbM3mHk561hiGoxaZ34Kg5TU+x1sRzGPpTqbGCIwKdXkHugOtZN7/AKwitasnUTskGe5q4bksrWF7Jp8UpjHLHr6V1Wm6rbXNqis48zvk81yqoGtX5ArNuYJ441khL7h6Vo6amLW50utbRK2ehHFcRc4+0HHSr8moXUqKsrHcOOazWJZ8n1rtw8HCNmepT+EVxxVdlq03I4qu1dCLRXyI5dzdKrXVzH5uU4qzMoIqiiwB2Mysw7VpE+fzujHSoIt0znAyatpb3cqF1jOAM9KjXUY4eILMZ9xUg1XUpeEUKp9qs+dKMkzBsH1xW1ZfcrGu1eOMGQYYnNa2ntlB9Kiex9FkT96RoHhKgQZNTMfkqOP71Zn0ZVvV4H0rP25Nal4M4qgF5poxmtS5fR8QnH8Iot1+YVavkBgt2x1QVBCMMKT2BR6m7CP3a/StbS/vtWVAcxitLTjtmx6159TZhP4Wba1HMOD9KkWmy9D9K40cZwesK0lwwXtWObaZjtGOa3bsA3cuT3qNdgkHpXr09Io+Zxb5qsmR29k0WnhWfJ3dK1IbiW3tvMMmFQdDVaZxHEgJxuOar31wDZFFJyaqUVLczjOUPhZ0WkXr3tosknUk1qL96sLQUMVhEpGDjmtxTzmvKqpKTSPo6LcoJvctE/IKbijORS1makUyboyK09P0q2hgDugZzzk1nTHbEW9K0rK5kvYB5I4UYyamd7aEy2Lr7GXZsUr7rWFrOkW67byMKrg8r61NqFtrQ3fZwrg9AGArO1KTUfs9qlxaPEAwDtuDD9KcFK6dzK9zndUTbKV4Ga6LRLaO109DkbpOc1h6/Htwwp/h3UbmeUWLqGgUZ391rqqRbpm1FpT1OxVVNIzAdxUIVlOFaoZTGCfm+YVxJX0O22pwPiwg+IDz/DWZjil1S4e61qd365wKB0/CvepK0EjSnsWbf/V0rg023I2kVI+MVoWVX60xjjFOblqjegCdT8tDcoR7U1PuUo6GgTMiThzV615hP1qncDEpHvVuz/1DfWmznpfGWBwav6Xcm31NWXBO2s/uKiuXeJ1dCQRWco8yaOiTsrnp8V7G8CyMwBPvRXl73d/KqiISkD0FFcH1Ndzm9uux9D0mKWivSPAK1wf3TfSvH9fiRtWuG77q9guP9W30ryDWjnUrj/foW5VP4jJESelO2qOi0tFWbkkfDDHYivS9MbdZRH2rzIH0r0jRW3WEX0FY1tkaQ2NXHFVroYSrXYVWuhmOsC0cnqkqK+CeaxYpFW7QnpmtPWYj5obFYj5VsjqDmqWuh6NH4TrmG5AR6VRkULkmn2c0zWq5XPFQ3Rc9Bg1ypalx3M++CsvNZZq1eyMoO7NVAcqDXZT2LZHKMoahjHFTuMoagTvWxmyDUBm3FY68Vu3q5gFZsMBkLYA4Ga0izwsypSlUuiup+YVejHyiogEH8ODmrKKdooYYGLV0wxxXa+E9SAthCx5XtXGnOOldh4Q05RA1y68t0+lceL5fZ6nq0viOoaYSHhOKjmMqoQinFWljUrxjNLnavzGvIOq6OX1XXZbeEwNEctxkiuWmh8wEkdea6vxUsMlqjJjcGrEKAxjA7V30LRjdHn4qPO2pbHNXMbQP6A1AH561pXzJMxhPDqeKqyWRjgSRBk4+avSg9NT5itBKo+UdBOycg12+g5NqpPUmuIsYXuZ1QL35r0DS4PKiVB2rjxjXLY78ujJXb2N5PuCiiP7tFeWeqJ3rM1hPlV/etPvVHWFzZ59KqL1Bmxounw/2erSxqxbnJrR+yQKciNOO2Kx9A1bfYrE0bZXjOOKn1HXltIjiGRnPAAWsZc/NYLo5vxJbQJcuyIFPtXLYG6tjVruW5ZnkUqT2NYYPzV7GHTUNT0qXwomI4qu45q11Wq8gya3NCpPwKlgltFgAeMFu9R3H3RVOI7Jvm6VrE8LPH7kUX2vbRM4hANRnWUX7sSj8KUrBIPujNINPtXQls59qrQ+bMy/vftbLkAY9K1tO+4D7VQn02OPlCa0LAbUApS2PfyNr2svQvP8AdqNBhqfJytMj+9WR9Kxl2M1Q/irQuugrPzh6aMp7mxdc2dsf9kVWjGCKs3B3WFv/ALtV0qeg47GxbH5BWlaMFnUmsy1+4K0Y+CD71xVN2KS0OgTkCmy9G+lEByin2om4RvpXD1OJ7nJXVgsxkf5s5PSudBn84pzmu28pvKcryTXNXk6i43eUUUnGSO9ejh5t6HlZlQjy88Rt/DcloQCDtQZqgZ1jkCzyrgHnBpdXv5XQRQk9MFhWXbaZPcPl889Sa7FFW1PEbd9D0HTLu3uIVMD5A4NbS/drlNFsRaYC5966lT+7zXk4iKjOyPpcJUdSldk8TZFSVBbsDuqesDoI5+YmHrVjQZxFE8Zzwagl+5W1pcEUdspCjJGSamTtEmWxaEm9Qyk4qrfsr2sivyuO/Y1fVVaqeqRIdOuFXrsJ+lZp6kHC65HutlameGUPkysiZbOM1PqR8zQ0k7hRWtoMsI0i3EagHHJx1NdspWpmtFe+TN5jZPIzWZLZX8qttZQecVuyyLtGBUT3USRlicY9a5lJp6HameROjrfzLJ98NzVjHFS6qY3166aM5QtnNMPSveg7xTLgtB1uetSuflNRQfeIqR+hFMsr1E9S4xkVFIOKYEsZylPWo4jmOpR0oYmZV2MTNVqyB8g+5qC9H70n1q1Zn/R/xpvY54L94SdDWrpelRaldoJRlV5x61ks3IroNAuhDdKOcsOABWFZtQbidDOzgtbe3iWOOJVAGOlFIrMw6EUV4t2RY6+kNLSGvoD5or3H3G+leS60g/tC5x/fr1qflG+leR69A7atc4fA3ULcqn8Rk9GppPOKZJAyHdvJozxVm5OleheHW3afHXnSNziu88KvusQM9KyrfCaU+p0tQXH3MVP2qCc/LXMWjmtTUYORXMTD5zgdK6nUx8prmXALnNUj0KHwnRadKDYpx2qC4OXJHSrdnDHDZKAc8ZqGQKc1y395mq3MK/QODkVnAfJit27jUiseQAA4rspPQornoRUSjBNSZ6iowcNW5DG3PMHNQaegaV19Vqec/uTUFixjm3H6VSPLx1RU2mV5YSpY+9TRN8gqS/kXHy96qRMQMUzkwFRyu2WSc11nhG8kaI2+flB4zXIZ4rqfCEsSrMuR5ucgHvXNi1ekz1qXxnaohHOaJU3IQTVEaoF+VlII602TVY+mD+FeNys6rGL4ji8u2DA/xdKykb92K09auFvLcquRtOeay1GIxXdS+BHDX+JnM6m5S+Yr1zVuG5zGAelM1i2ZJvNx8p71Tjdu3QV6cLOJ8vVTjUdzobK+itGDGIEHqa6nS9RtrxwsR+buK4CIvPIsack12+gactoA5yXPU1xYuMUrnpYKpUl7vQ6dPu0NxzQvShuleYeiM71W1MBrQg9M1ZqC/UyWhUdScUIDf06KGGxiWMKBtFPmRWHKj16UlnZiLT40Vzu2jms69h1WBGMLrLnsRisrXluDOb8RRq0zuABj0rlR941u6pPdGRo7lNr96w8fMe1exh01A9Ol8KJv4agfrVjHy1WkPzVuWV51+UVm3Mo38CtWYZjrHuFw+a1iePnNLnin2FSZhUy3hHy5qvCoPWq8iN53HStNz5rkNGS53JyRVzTJBIre1Yki7VHPNaWjcbhUyWh62S+7X9TYbpTVGDSE05BzWR9UyO7+6Kzm+VxWndDKVmS/epozka8p/wCJdbN2xio0HNPc50e2+tMi5xUjjsatpyoFaHTFZ1mcEVotyBXHU+IDdtjmBTSzn5T9KjsmzAtOnPBHtXC9zil8RgazdT2ljut/9YT19K46W6urnctw2ec13dzEsgKsOK47XFFsdgGGPevSwtrHhZm58+r0KsTQxOPOyR6itqCewjAIlz7VyMkjggtnnoa1NDjEt7GJAGBrqmrJtnmU480lHudtb7SqlRgGtIcQmqESgEAdq0SP3WK8eo7u59TTgoRUUFnyWFXcVSsziRh6irx4rJlMjkXMZrX05JDaqM9elZTH92x9qv2OoI9sojxuXgjNRJNomWxomKRf4qr39kZrOUGUr8h6fSrEckrryoBrI1O+1SzhkeK3Eo9RUQTb0IObMYk0Bkz93IyfY1Y8NwlNKjLckscU2O5fUNNnleLy3Ocp6VkeHNa2XU2nzMQyn91jn8K7pRcoOxpRaUtTtSB3HFQTwoRhgMUzzGccBqin8/B+Q7AOua5FvodyXc891i3S11ydI/uHkVXY4FS6lcfadWlYdAcVE/Svep/AjSOwsB/eVO9V7f8A1lWJOlUUV261HJ0p7Hmo5DxTQmPi+7ipOi1HH0qQ/coAoX331PqKltG/0cj3qG9/hNSWvEB9zQYx/ikx6iul8LBDfZZQTt4z2rmeuKu2l+9jIkiDJJxjNZVouUGkbM9K3ZOB2oqnYxXJt1kJG5xk5orxXGxFjuaQ9KWg9K98+aK833G+leU66Matc/UV6tN91h7V5T4jlSLWJ1bPOKS3Kp/GYkvKmq45FPmnU8KDSIPkFaHQxV4Ndt4QbNuy+hriO4rr/B0mGdKzqL3Sqe52o+7UE4+WpgeKhnPy1ympz2pfdIrmJuCa6fUeQa5icneRVxO/D/CbVvKWtlHoKikLnvVu0VfsaMoByKZNtUZyK5ftGi3M243bSTWMz7s1s3cylD0rFPJYiuulsUyBjzUW75jT34NVySCa3JY6Zx5RzVIzOW+RT9assRtOckVD5wYbVQCqR89nD99EWWcnd2p0OWfA6VIVAiIHU1ZsYkijLORk0zyac5RasyAHkiprKRor6B95Rd43HPaoXIMrbSMV2Oi+EoJ4Irm8ctuGdnasa9SMIe8fT0U5pWOmt3tJogRsYEcGpDBb7ThFpkWm21vgRpgDoKsiJccCvDbV9D0bnM6rEhDBQB9KyduErqdV05JoiV4PXiuUmDKjRZ+bpXbQacTixOl5FS9uLQQlJGDe1YojjlUiEjd6VHe2k0cpLA4J61FCPKIIOCK9KnFJaHzOIqSnP3lax1PhvST5vnSr9BXZQoI3wK4PT9cuLV1VcOCfu13FpM8qI7rtZhnFefilLmvI9bByh7O0TTTkUpFJGflpTXCdRGetOBUYLdARmmnrQV8xCnrQB0cEiSRKVIIxSuwXvUFlbpDbIAecVJKF2k1g9xnDeJAsl07DmuW/irrtaKbn45Nck3Ep+texhn7h6VP4ES4+Wq0i8mrePlqBxzXSaIqyfdxWfLbSTH5BWlIvWqsF2qOQfWtInjZzUcYK3Up/Yblf4eKquJkkOVrpY72JjyRioJ1iaTcMEVomfMOVjnysjcspxWnpXG41JcPF5LAKM4qPSesgpS2PXyaV8QjRJqaPmoD1qWM1kfWSQtzzHWVIfnrUuOIzWVJ96mjKZqR/NpEXsxoi6CiE40dD/tGiLrUscTStD8wFaZ6Csm2OHFa3VRXJV3GzWsGzAPrU03Squnn90R71PK3OK4ZL3jjmveZSmKhtpYA+9ctr9sHlWY4IB7VqXVvJcai4DELj1qrc6HLICDcA+xNd9Cm1aSZ4WNxkW3TcdjPuLS0vNG8xdqvGpPB5pNAtCsiyEcDpVefw/dQNlJVxnkBuK1bKS4t4wjeSAOpzW04yUXZnNSrUpTTkrWN2L74rQ7AVmWj+Ztbj8K0hzXmTVnY96LUkmhIm2TitFqy+kgNah5UH1FQxiHAQ59KzdLhb+0WkWXaqnlfWtVYzJ8i9TV2DRYVgPJEh6kGpcklqS2Xom3oCKecDOR1qqlrLboBG+4D1qK41FbSMvcnYvY+9YJXehBS1mKGCFnVQpYHPvXH+E7O3e5u9RcZk8wqo9KvSa62sXt2gAEUKHb78Vx2ieIZ9NvZrdYjKkjn5QOc16NOlP2bV9RwnGM1zHqayKR04pXYMNvaud+0a4EE0dkDHjO0t82KguvFc1vE5k0udNo5YjjNc6pSb0O/mSZieIbOK11hjFgK43Ee9ZjdKdc6pNqk/nSgZHApp6V7NKLjBKRvFpq6Gw/LIKsSHjNV0Pzip3zirGV+pqOTtUvQ1FKen1piZJH92pOqmo4uRUoHymgCjeDMefQ0W3+p/Gn3IzCfrTbb/AI9s+9Bml+8JRVq0EbXERkYKoYHmqw6UoTe0anoXFTL4TRs9QtLuN4htkQ4HY0VT023t4bRdqryB1orw5WuRZHfUhpaQ17x82Qy968v8UxKNZkLL1XNeoyd6818YJjVQT3Sktxw+I5h9o6KKhZqWTg0zrWh0C10nhFsX7r2IBrmwDW/4WO3VQPVamfwsqG56GvSobgfJUw6VHOMpiuNGpy2qSMoNc4xMj7e54rqNUg3Ia5eQGOYHsDmqR34f4To7Oze3tcs/FNljV8g1NDOJ7RSp7VUcyiTABI+lc1nc06lO7sQYyQ1YSjbkV0F8JhCSMmudVvmOfWuqjsUyOQc1UYfPVyTrVd1+auhEsiZCVIHWoEgbPAq0ODSqcMMVSPBzeOsZFdoJ8cLUWJRkOCK3IpRgetV78IVzjmi549H40ZqDtXfeFdV+1WYt5WG+PgfSuBXkV1Hg7TUu53mdmGw4ABrnxcYum2z6jDtp2R3hdccHNNM23sasxQxoo4496e3lY6CvEOy5kz3UQQs7BfUGuVuyk1y7p93PFb+u2S3ETGI4Yc8VzUamNSG7V2YdK1zmryd7dBJLVLiEow/GufutPMRbDZx0rVuL7GVU4rMkuQ5Iz1r0KUZI8DGVac9EtTQ8NacJJfPk5C9M128RwRWHoaKtovHWt2MfMK4MRNyk7npYamoU1Y0IulPxTIulSVymxAx5pM8Glk4NMpAbGkebPabnbgHAq5JECuCxrD0jUjC0lsUY88ECthpSUyetZSVmM5LWbUF5MMc1x8g2zEZ712Gsuyzuc8VxU0ha4Y+9ethfgPRpfAXAflFRP1qROUFROeTXUakUnANc9cEpM208ZrenbEfHWsi6gJyfWtIHiZ3NKCiLDC7wiRZAfahmkQcNVa0kaIspPHpUzSj1rY+XZWknfnNaWjHdurMndTWjo3AJqZbHsZN/vKNRxinRnpSP0pY6xPr2F2cR1mOfmrSuuYhWY/DU0ZTNSL/kCD2elhORTISToj+z8UlsxI5qWOJpQH5ga1kOUFZEPBrVhOYxXJV3GzR09jyO1WJfvGqdi2JCKunljmuOa945KnxHI+JJbm2lEkTFQeuKw47m9nP7yZgPrXZ6tZJfWxQsAw6GuOnLWwMbodw7ivSw87wsfM5hQ5ajkUbm6mSQp5zkfWrGnWF3fycSEJ3OahS3N1LlME+9dHpdq1owLEgdwK2qy5Y6HJh4wdRKexvWMAghSMEnaK0lFZkF5H56Rc7m6ZrUX2ryKl+a7PpqcoOKUNkRuMNmtAHKKfaqExxzVyFt8CH2rJ7FliKURZduijNX/wC1bdjHHE4LuPyrM2gqQe4rT06ztooFk2Dee5rOdrXZEiZGdEJkcc81geKbuOPTGRx80hwvFdMyRE5IqhrNnb32nPFKAABkH0NKDSkmyVuea6YvkNfv0/c1peCtFhS2bUJVV3lY7Se1ZhYpb6jg9EwDW14HuFn0TylJLxk5HpXp1W+RtF04xc7M6ZmBPFRSwxzRmOVQyMMEEVCHmQ8qKl81hzsrzrtbM77HnmsaMNJviI8mB+VPpVIjitrxNqjXNyLQqMxHk+tYgPFe3QbcE5GkVoEeN4qw+AKrD5WzU0jZSthkDYzxUEhqT+KopKAZYg+7Uq/dNQwfdqVehoEV5RmFx6VDbH/RyPerD8q49qgtxiMj3oIt71ydelX9Lsmvb+GJeBnJqgDxWto919luBIrYas6rfI7Fs7tLAJGFBOAKKWC6MsKt6iivCbdzPU7Cg0UV9CfNkL96888bAJeQsTjIIr0STvXnPxBU+db496S3Kj8SONkkTdyajM0Y71WlU7u9RbW7A1ob3NBbmLPJxW74dcDVY2U8GuRKkdQfxrc8NzmPVIRk4JqZbFQep6wOlRzdKepyg+lMm+7XGbPcxNR/1bVyVyOWrrtQ/wBWa5S5HzGrR24d6GloRBt3BPQ9KvvLGvYVzFvcyW5OzoeoqeTU2YY24NZSptu5u0ass6FSCRiuXn2/aG29M0s+oSMSB0qujFiSa2p03EY6QVCRUzniojWxMiE/epmcOKex5oghLygk8VSPEzZe6mTDIIqveEletaVzCNgZGH0rJuPMx8w4pniUvjRCOFFdL4QvGivWt1zmT7orm15Wr2k3/wDZuopclcgVnWjzU2j6Wk+WzPW4g3RjTpLfd0NY2neIba/XKt83pU8/iG3tTtlJUnoccV4XJK9rHb5oi1aGSGzd48k45rirqVxFxnk8+1dhLqsdxbSHeCGFcfdclvTNdeGTWjOXGfBoJ/ZEE8Kstxhjyc1Vbw7ONxjkV6UXAQYJ6VLHqJiPytj6GvUV7HyLepsaOJILdUnXawrejYEAiuNOuSjqAfrXQ6ZdNPapIeM1wYmjy3kezgsU6n7trY6GE8VKar27ZAqya4EekQS9aiLYqaXpVZ80CNDS5Yo5JNw+Y9OK0fOjYEtx+FUtHiQqZCoJB64rUfbjIArKb1GcXrtzHJMwToK4uUDzSR3NeheJraAWvmAAP7V563Mh+tephHeB6FF3iXI/uVDL1NSx/cqFyc11myIJhmM+wzVFrqJk2uDmtFxmNhWFMwSY5FaQPFzuCdNMikYbzsUmlS3mlPC1Kk6A/dqddSEXRK2PljOuLSWA/vOM9K1dKUBOKo3E/wBslDtxV/TsZwKiWx62TP8A2lGm/SiOiTgCkiOTWR9gwugfIqC30i+vMGKBiPWtSKJZnRWHBNdnZxxwwqsa4AFc1ev7LZESXc4xNGv4tNkge2bcWyMVRFrc2koWeF0+or0sTJ0Y4NMmW3uIXWTY/Gea544yT3RKlbc4VWAGQatwXij5W496ozMEmkXGAGOKUMgjOT16V0SipK4SmdBayDzVIPBrR3cMa4qPWk09hvy4HapJPHEYU+Xb8n1NYzwtSTvFHn4jGUYys3qa93qFtBKy3G7PbFZs+raX2t931rnr/WTqMgdgE+lZbykng130aDS10Z8vipqdRuLujoW1DTo5N625BPoanXxKsYxDCv41iwwpPGoY81saPo1vK5ZiWZex6UVHGKvImhQlVlyo0dMvZ7++SV02qvoK6uLoKz7e2WBAqqAPatFBgCvKrT55XR9DhqHsIctyObkGrdpzbL7VVn4NWbHmD8axa0OkmbpSaZqk9yTbLEfkON/aiTqKb4cuE8y5gLLvVicE1LXukvY1wt7u52Yz61ma3cX0WnyqYAwJxlT0Fa8t/DCPnI3egNZt9rFs1rLG4HKkCohe+xnG1zgTHusb899mK6rwvpyabpEKYAeRQzn1Nc06smi6hKOwyKXRfHUckKW90hVkUAN616NWE5w9w0hOEZ+91O5lRdxwRTdq4rl5/F0MZwIXf3rOuPG4GfJDD2Ncyw1R9DqVWG1yx4tghWSOVUAkJ5OOtcyuasXmtXWsOPNwEXoBUAGK9ShCUIJSOmLuriPTznaKYetSsPkFbDIDUMp6VIc1HJQD2J4fu1NGM5qvCeKnjPNAiF+C1V4vu/jVmX75qBRgmgXUkq9protynmfdzVHtVzTYPtV3HDu25PWoqL3WNnfxzIluj8KhGBmipItNiNqkMrtIqdM0V4j5bmbZ21JRRXvHzZG/WuE8aqrSwbhnk/yru3rifGS8wn3pLcqPxI4GZED8KKaNoH3BUtwPmqEda0OkjukBj3AYpdGfZqUB9HFSz8wGq+nHbdxn0YUnsC3PYYTmFT7US/dptod1pGf9kVI44ri6mr3MPUeIWNcpMSwJrrNVH+jvXKS/cq0duG2IrS1kuZSFHHetL+xFxyxzTdGmSPzFY4JNaclykYyWFY1JzUrI6GzDn0EYJD1ktbGFyprppdQiOQCKxb2RHY4rSlOb0kNFBxxUDnAqcnK1Wk610ikRjk1IkWH3FtoqIHFUbx5DLjJx6VSPHzSHNTRpXN7HGNqncRWbLeSTHDdO1RNwVFDDDCrtoeHSVpluMcVo6Rpw1PUo4GOEPJxWbEcKK7DwdAA0s5xk8CsK8+SDZ9HRSlY6ex0SztICsEIB/vd6dc6ZBPGI5EDY71OkUxcsH4PapWikHU814bnJu9ztsloZ/wDZFtBAw2duK467jVJ5EHQEiu41Jpo9OcxjL4rzmW6eOWR5h85PSuzCJzbbODMaip07pEU2nyvkxk1X+w3A42mtC1vXjO4Hj0rXtr+CbAkAU16auj5aUru5zkemzkgvkCugiv0sLWOMr0OM1oGGIjIwRWPewefKNvQGs5xU1qa0a0qUvdOxspRJGrDuKvDpWTphxbovoK1VPy1481aTsfRxbcU2Nk6VWYelW2+7VRjzUjNHSMh33HC1pSbWQ7WrP0pTJkds1rmFAOlYzeozj9bgJtpMuWzyM9q4RgVkINetarFGbGXIHSvLtQQLcHaMCvSwU7xaO3Dv3R0PKVHIMCnW54xTZutdx0plcntVeOyguWLNmpyPmBqF5DaTAE5R/wBK0ieFnvN7NW2HS2dvGAETNQG2iIOVFPlulzwQahacHNaHzBG0KIflHFWbDHmtjtVRpQansPvtUy2PXyf/AHlGlKflqOI06T7tQxtg1mfYrU0refynVj2NXJvFwtjtjTeRWDcTARlR34rPlUpCQD1qHRjN+8edjsU6S5Ybmje+Jr25lOH2A9hUA1W+VCwmOPc1iOvfNQmQgYrrWHppWSPl54+s5O7NdtWlZiX5NWE1VTFljyBwK5xpCTT0JIq3SiTHHVl1LlzcNNIWJqv1phBpRWkVy7HLOcpy5pbj+BTCaGpPmNMkvWl0UPzV0uh3o+2qoI+fiuMFWre4eCRXRsEcisKtBTTNaFb2U1I9dRcsKtqtcv4c1n7aBHLJ+8A4B7104bmvAqwdOVmfT0qiqRUkQXPDVPp5/dt9aqXL/vMVY04ne1ZvY1LEv3hXMTWN/LqEsllHLuyeVrqmwZgDW7aoqQgAAVKqcmpLdkcXZaHrUtrILjKu3C7jWc2galYOTebmjzw2civTC+Dio5SrxsGAIPahYmS6GcEoyuedXcY/4Ry9AGPkrziwjJnB969RuQDYaogGFVWxXIeCtG/tXUWLj9xCct716VCqoU5SZlWg51I2L1pZJczor8KYycj2Fc48I8xgOgavYVsLW3jaFIgIzwRWJL4Q01lPl+YpJz1qIY2Kep6EKMd2cJbRgA1Pir17pMulTMjnKH7jetUTXZCSkro7IqysiJ/vCrGMxiqsn3qtL/qhVDIHXBqtJ1q43Q1Tm+8KaE9h8VTxffqtF1qzH1FADZvv1X/iqxcfeqADLUAOq5pcix30TO2AG61UK1LbRCWRUPQtUz1i0B6bHOzqCq5GODRSadbC0tURXZhtHXtRXgysnYjQ7SkpaSvoD5sikrjfGnEUTf7Vdm9cl40TNgrDsf60uoL4keeztk1B3qWYHdUYGa0OoV+YW+lUrZtswPoavFcRtn0rOi/1h5oYLc9i0pt+mwt6qKtOPlrM8PSb9JhOc/LWox+WuN7mr3MbUl3QOPauOY5Qj3rtb4ZUg+lcdcIEd8etNbHZhX0G6fAJrkA8Ct97GHbhhmsbSVZpyQelb7AkVzV2+Y6ZFCTT7dBnaKwL+FY5G28iuluY2Kda5y+UgtmroNt6jRnAfKaryjmrI6Gq8nWu1BIiA5qjeD97WjVG4w0mKuJ5mYfwis67iuKWQcipsBELHtVVZPMJNWz5+D98tQngc1uaPrK6d+6kXKFs5HasCKrUMDXM8cKjJc4ArGpFSi0z3aEnypo9ctrlWhjkGAGGRzUzybsEdKxrHQWS1jSa5kJUY69Kvpp8kC/JKSPevBlGKbsekTylXX5vu968y8RiNtUkWH7o54r0C8hunt2WFhux3rgpLOU3kouB+8B5rrwfuu5w4+m6sORGVFMwGMH8qkE7k4ANXpreOIdgarIAGzxXpxlfU+drUFSdmydHvFUbZSM9q0bGKZ2HmNnmqUFxGk6hx8tb9rtY7k6Gsa8nFaGuBpwnJqRqWS7QBWqn3azrU8VooflrypbnuWFbpVSTgmrZ6VUk+8akRZ0ueRZ/JVSd3p2rcDMg2uw3fWsfRkH2st6DitwwIx3MPmIrKe4GZqaO9q5zxivOdUUK2c16XqcZFq4XpivNdYQocV3YF6s7MNsynbNnNPm6VDaH5jViXpXonUVhWNeswkYE962ulYt8jPKeK0huebmtlQuyukEswynT1qX7M46tVeCWSCQ8nae1TPckmtbM+Sk23dA0TL3q7p2cGs9p8jrV/TSdhJ6VMtj1Mnv9YVzRkPyVSZ9oLHjFWpGGw1k6jKUiCjvURjd2PpcZXVGi5kUl5ucnNMNwWzzVJemSaXdiuxRSPiZ4ipOXM2TMc1BJilaTA4qIZbk0zEUYpxlC8Coy3YUixljSuBYRs81ICKhA2jFLVASnBXNAGVqMNgYzTlagBjcU0SEU9+aiZaBFu2v5baZZI2KspyCK9D0LW5b4K0jKeMH1ry/tV/TdRm0+4DxtgdxXJiaCqx0Wp24PEujOz2PWpyDIGz1qzYvtY+9c3BrMExhVnG5gDmuhtGB6HIrw6lNwXvH0UKkZq8S82WnABwTWlFdvbIIpY2kbsVFZhOyVG9K27adJ14ADDrXNLYJGcdUubi9MUFnIMDlnGBV+1l+VjPIpYHmroWMnds+b1qG4tYZV2kYz6VDkmZnK6/5Fra6i6kBWi5+tcp8OrrymukyOTnmtzxkTbaTdRn+LaoqTwpo1vp+lRyqFd5lD7u49q9BSSw7v1LpxcqqfY23nRTkknPpzUJuoecSHj2qwR6gUjxxSLhkGDXHoegjk/FF9FNFDGuC+cmuazW54qsDbXiTg/u3XAHoawR0r2cMkqasax2IpKsQNlMVWlqS3OGrcZK3Gc1Rm+9WkwDCs+5ADUITCDrU4OPzqGAc1Lj+dMBJjk0gGOaST71OJwgoAQmpbeRUcMxxjmoAc1PajNyncZHBqZbMDuNO1MzW6tlhgADIorStYoVhX5FHyjtRXhSau9CXY7WkpaSvfPmiN65bxpldGd8dOf1rqm6Vzfi6IzaHMv+zSF1PJZb6Q4OBjFQG8k7cVNLZsOp4qP7Lzya0OjWxG11K4wTxSwAmUAc5qdbJT1NXILaOMjHJoKimegeF2zpSL3FbZHFc74TfNs6+hroj0rklubMy7/wC6a4y5OZXHvXZ6hwpri7g/v3+tNbHXhtyXSJCLoqO9dGykCuY0x8Xq/WuqchlGK5K/xHVLcq3HMdc9qC/Ka37hwqkGsDUGBBq6G40ZHqKryA5qxjnNQSnmu5BIiJ4qhMcSZq6xwDVSQgtzWkTzMw/hDH+eLAqEReWmTU2cDNVt7SSY7CrPnVK0ixFxW54ckiTWoDJjHbNYYYAgVo6VAbnUIYw23LDvWNVe47ns4OTaR62kyFBgipTIuzk1Bb2cccCp3Ap7QcDBr521tj2NCCa4WJucVyerSxvqTeXjkc4rsXtY5hh1zXFa8trYamPLJOeo9K6cNbm0MMQ0o6mBeu/nEEHGaqb2Bxir19e22zOPmrJXUNrYCZr14Xa2PmMUoqbady0I5ppV2ocetdZpsbCFQeoFcvY6lF5m2Qlcmuv0x4nQbZFOfeufE3tax2YCNNap6mnbjDCtCOqcYAq5HXmyPTHnpVWUYNWz0qrPUiJbKd4ZQI0LM3FbqecQN4waxdIdRdHPOBW8syc/MKynuMrXwZrRwBzivLtalLTFT2Nen6jdpHayYZQcdM15XqriS5Yj1ruwN7s68Nrcq2pw9WpOlUoTh6uscrXpHUV2IFZt4RFMe4IrRfrWdqSklSPSqjucmOp+0otGdIQSSKrh8virIXPFQeSVJJFdCPkasVGVkOKVr2OBAB3rI3ZIrUs2+XFTM9HK9KtyzIw2GsS9lEjYBzir+oTmOPap5NY+cnJ606cNbmubY3mXsYobzTC1WEUE1HKmDXQeAQ9akjiaVsAH8KdFHuNdBotjuuFbHFRKXKrl04c8uUxDZlCNw5q5Babh8uK7W68NrPEHjHJ61QXw7MrYw2O4Fc/1hM7lgmmcrcWxU4AyfaqzQuOqmvSLTw+vGYvzq7/wjVueWjH5UfWkh/2ffqeTGNvQ0uwjjFemT+GLc5wn6Vj3XhXAJjNVHEwe5EsvqLY4zaRSEDOK07zSLm2JzkisxkdG5reMlLVHFOnKnpJBsqNhipgcimOmelMlGglwDZx4JEqntXa6Dq7RmGKcnDjqa87tnWOVfMBKg5wDXRzalFcNbiBSu0YrjxNFTVj0sHX5dWz00TLM67WB5xU2iM6y3Kszff44rkNEnljvnjdiw2hue1eiaW0TQhlC5714VeHs/dPZUuaNydZ5MYxTJZnAycAdzVraCc4qGaOMxtuGBjpXKgOE8bSi40GWRDkb+D9KzfDPiaA6XHayzFJ4uBnoRWv4khQ6X5C/dbJFeXQQtHdFcYwe1exh6calLlZlOrKlUTierjxDaE4aQlu/XFXIr1J0BjkVvoa8706JpWniY/dj3CsrM0Lfu5XUZ7HFEsHF7M7adeT3R3ni67gaCK2V90wbJwe1csvSqsDvKS8jF29TVrsa6aVP2ceW53wd43IpOTT4fvUxhT4DzWg2WC2Kp3OCc1ZY8VVm5oJYsXSnqeajj4FPQ80wQ2XrUhGYaZMDUyjMVAFYVcsU33CD3qq3Bq5ppxcJgEnPFTP4WM9Itrd0tY1znAoqO2nk8hdyt09KK8B3uQ7nbUUUV9CfNkbdKwvEozpEuPQ1ut0rE8RDOky/7ppCZ5ROcKM+lVuc1ZuOgqtz6VZ1kqNnirEfBqrH1q0mSaC0dd4TfLSrXUkVx/hRsXjr6iuzbpXNPctmNq+VhJHpXn3msbuQH1r0PUhvQ56Vwl1Asd22O9Edjpw4ti2y8UnpmurI+UEHrXKQr+8XPHzV1gVRAnPYVzYjdHZPcp3ADd6wdSK9q3Z9ozWBqAG7IoobjRnE1WkPJqw1VpK70DK7ng1Skb5+tXG5qSDT455Ms2KtHjZq2qaM13G2moh6gV0iaLAyEg5IoNosKHEYquY+eU+V3OcGQ/NaWliQ6lB5Qy+7iqd0P3hbGOavaFOkOsWrucLvwTWdT4Gexgp8zTPWoGl8pfM4bHNTFjikVlkQMpBHYigMBXzz3PcK81xMiMUj7cV574ginSUzTL8zsefSvQ7qVVwK47xTdxXaR28Y+dTya6sK3z6I5sZyqk3I5FYVnOWq0NNj25Ayfak+zuiYA5p8dtd9UzXrps+TqtOV0ytPpqquR1rT0a2aCeJnkYc8DNREXXHmRYA71Yt5v3gJBZweMdqmorxdxUZONRNHXQSZIrSibisW0Y4Xd1Na8fSvGmtbH1Cd1cs9qrzjjNWAcioJh8pqBFWF5obhWhUs2fu+tSXGhazcXRuEuVhVhnYCas6U6C+BbHtmum3DPXrUym4vQJRurHD3fhnUzG0r3pbaOlcfeQukpV+WBwa9dvpMQOB6V5Zq3/H05967cHUcm0zqwqUVZGYq4arX8AquBzmpwcpXoHYQtVO9G6MH0q81VbsfuDTjuZ1v4bMKZyhpBOZEK0rYc4IpAiIDzXSj4qtJSmxqjBrTs25rLDZPFaNkecUp7Hbl0rVCPURk5rNPBrR1BsNis5vWrhsc2P8A47QofFBO7rUYOas28fmyBfWtL6XZxpXdiWzhaSQAAnNdvolkyFdyHNT6FocEVukjpljzXTQW6J90AVwVq/Noj2MPheTVksEWFAIqdbdS1KnWrMY5rjudo1bdQBUvkripQvFBFUIqvAD2FVpbNCPu1o7eelMkFSM5u80eOUHK1xus+HjGS6JxXqLAEcisq/hjkQqVFawqOL0IqU41FaR4zcQPC5Ug1ADkV1PiKwEM29R8prliQGNenTnzRueFXpeznYiP3quWs5hlVxyRziqhGTU8CjeCelU9jKO6PQtHifyftkjfPIMge1dB4fuL65upVtowYVGC+e9cS3iOOHTo7eFfnC4zXY+CZDDp4diRvOTnvXhYmElFto+kpVYSSjF3Olih1UOQzxbD0ODkVQ8QW+rpp5kspVLqCXGO1bn2lMghuKr6rfxW+nyMW6qelebGT5k7GtjjL8vJpdoWJLFMtn1rhAoGouOnzV6HegNpkLnpszXmt0+L52HUNxXs4R6MyxGiTN3TTi+nA/55GseT5mOPWtTSJPOuZW6HyTms4jk10o7cPrEntU4qZhio7bpU7UHoR0RWYmiI4fFOYGo0/wBcKYNlgmq0p5qyVqrN96gT2HxdKXo1NhORTj94UxIkl5QVJHzFxUb8pU0Y/d0h9Sox+Y5rQ0Qj+04gRnms9xhjWj4fAbV4gair8DA9OiVHQYx0oqO2idEyX60V4D3M3udXRRRX0R86Rt0rH15S+lTAddprZaszVhu0+UexpMR49crKBgCqhMijLDita6DBj9TVJ/ukGrOxLS4yI5ANW4utVIulXIqCkb/hx9upqPUV3LDivP8ARW2apD78V6B1SuepuaMyb/7prh77i8P1ru70ZU1wWonF9+NKJ0Yfcms4PtEypk9a6WSPy41XPQYrmraf7NMj89a6J5DLGGx1FcuIvzHXLcoXKlgcGsK8yDzzXQzRllwDisO/tpE5PIqqG5SMt6rSng1ZcfKaqSHmu5A9iq5IqMXflt1qZlzVBkHmnNaI8PN78iNGLU2Xo5FXF1YCM7vm4rDdeOKfEm5eaqyPnbElw4lVmAxzmo4uxB5HNI4wMZoh9Klnq4eLirHo3hR7qbT1eWZivQD2ro2yi43ZNc94RJ/slAfU1vvnd0OK8Gt/EZ9LD4UVpIXlVzv5IwK4O8V7XVZI5TuOc5r0SUsID5a5YDpXmetyXD6qzzLsYHpW+CvzHDmMealY1YLTzvmP3fWpLi8tNPj5YFvQVgS6tdFAkZwKrxWk9zLuck/WvUjqfJzpuL1LN3qs97JsjUqDWrpVsUALcsap+VHarucrn0rY0eSO4G9TnFY4hvl0PQy+MHLzNm3ToTWjGeMVTQYq1Ga8mR7RbX7tRyrlTT1+7SSfdqQILGINfx+xzXUgBBXJxvJHdxtEm9s9BXSlZZIRxtJHes6gD5UjeN8kHivLNcVUvJAp4zXdyWd5Ezss+5W7HtXA6ujpdOHOTmuzBK02dOG6mbnjNSQtuWoh900tueSK9M6x79Kry4aNh7VakHBqsw+UimtxSSlFowWIDkYpNqmnTLiXFROwQ4zXStj4ivS5JuJYSJARVmLbG2c1mCU4zmniRyOKGriouUJqS6El/IGk4qkeRUkrZ+91q2mk3Jt1m2EhhkcVUWkgqudao5WM1eDW1oFubjUYxjgc1ktCwfGMetdl4Mst85kI4FKrK0GGGpuVVXO2tYisajtirsYojjwtMm3hCE4NeVuz3myypxycVaglRjjIrkriHUCWZZGK+grLfXLrTpMShh9auNO+xnKpy7npgwR1pCK4rTvGlvIQskmD0rqLXUoLqMMkgOaHFx3HGcZbFwHNRyLzSowY8GnSYxmoLK5HFULuLBzWiQBVK6ORQBy2r2cdxbSK/GASDXmd1CYpiP1r1HVNzwyIvVgQK4DVbYxw72XBHFdmGlbQ8/HQurmLj3qWJyDioA9SREtIAOp4rtvoeV10NbSrF767RQCVB5NevaDZxLaR5GQvAFcdoVk1rBGpiKu65LV2elmQARoucV4WOquo7LofQ4Wh7Kn5s2NsTnG3YR60y5itWtWhkXergjpUd3aXVzbNHG3lv2Y0y1t72Kw8m6ZZJRn5x6V5qXW5uc/rXlQaYEjOFjXAry91ee5IRGZieABmu/8AFEjRWrRdxwaueHtCt7GwimeNWnkG7ce1enSq+xp8zHKi6zUehzeh6JqSSOWtigeIgFzjrUN54b1S0yxhEi9coc16UEzxUiADIPSs/rs97HdTpRprlR5LboyDDqyn0IqVjgVs+LGRNZ2oFA2DOPWsJmr0acuaKkdK2Gk5qINibNPJ4qvn95VhJmgTkVSnOGq4Pu/hVOf71ApbDoKkaooTyKkc0xLYfnKVNH90VAvK1PF0pDK0ww9TadN5N5G+cYPWobnhqbZ7Wu4lc/KWANTL4XcZ6hbaji3TjIIyDRT7eGGOFFUAqFGKK8F2uRZHaUUUV9AfODGqjfDfaSL7GrzVUuhm3f6VLEeSXki+bIhwMMazndcHmtO/tY/tMxOfvms0wxgnArRbHbH4UNh5WrUXBqAAKMCpozQUjW01tt7C3o1ehg/uh9K80tnKzRt6MK9JhIa3Q+wrCpuaPYz7vkEV5/q+Vvsj1r0C9G0E159rLZvfxqYm+H3F3Y2MexBrqoZ1ltUIGOPSuXiUPLCD0JFdZlI4wgA4HaufEHXMqTNisXUZmwRWxO6L1IrF1CWNlOCKmjuNGQxyCKpv1q4cc1Sk613obIWODUL25kO4EVI55puHzlTWqPEzX+GiI20oB4zTo4JguNtWY5TjBzmpUlAPWmfOKTTM6WNk+8MUkRxkVdvP3ig+lZ44akz08NNyVz1bwoYho0AAG4jJrfKj0ri/C8F9HZoTHhDyufSutiMxX5xz7V4FdfvGfSRT5UOdlj5/nXCeMgpuI3AXJ9K7GW3mlcktgelcT4ptZop1MnK54rTCpc+5niV+7Zh2/kKN01Ol1F/u28WB64p9gkEs2yU89s1sCG2j6qteuj5DE2UzlnS7uG+ck10vhmCS33B881KZLVeirU1neRG5RRgZqK2sGh4SXLVTN5O1Wo6qqMAGrERrx2fSlxPu01qVDxTWqREmnyxQ3m6Tr2rZa9BUgKc/SudjA+2wA9C9dUwXdhgtZ1AZTmLNBkLk4rzbXEYXLswwc16VLcwozZcAAc15z4glR7iUqcjPFdOC0mdOHerML+E02Fv3lAb5aYhxKK9c6y5J93NUnYg1cc/JVCVsUDMy5XDk1RYZbmtKULI5GcVE1oDyrV0R2PjcdJe2dimBirloBvAK0LZlSC3Iq0iBSMU2Y4ea9oircwKZlAHUivUbHTkFrCCoKhB19MV5ncfeB7g16pZyEaJHKOvkrXLXvZHsUoqNSVjgPEtlDbakwiHDc103hK2ENiGIwWrnvEA330Zzkmux0dPLsoh7Cio37NIypRXtWzoIk3CqN/MbZdxUn2FaNryKkuLdJRyAa5dDqOJbxHNvfybNnVOWwOgrNu/EFtqEQja23uxwBjmunn0+SzneWBeH4YY61n2ttpum3xvGsmaQnIHYGt4OO5zzjNu1zjZbOMTEBWibOcHit7RrmaBdgY1a1hl1m5V4rUxsP4vWrWnaZtkQkexqpTutRQp2ZvWd7KIgZAAfrUs2rIi/MwplzYFLPevYV59q+pXE8zRxkqoOBjvWMI8zNpy5Vc6+48WWUDFXkH4VUbxTYyj5ZBXBfYDJL+/lKnvkHitS28PW0yAx3Z3elb+yglqcyq1ZPRG+9/DdBijDPpXK+JpMW6rxyatNptxYTKyuWXNZniZjuiX1GaqnFKWhNebdJ8xzYrQ0iHztQiBzt3c4qC1s3up0jUcscCuwsNAl08fOAXPpW1apGEbHFhMPOrNNLQ7JlQLCykEKuKuafdmOQbRnmubjMtuoDtkntXR6JPEsmJMZPPNeFVjpc+jkrI6hLuJlXcwDYqO4uowhy4z0FASGRcgD61n6lawyRryd24EYNcaSbsZo4PxdOZPM2/wkVseHry6l0aHz4mLqMKfUVh+JzsExbs1b2kaxYtZQBZVBVANue9ejNP2Ksrm1Gyqas04ryfcQ8GPSoLrUrpFPlWjSEehqRrvdyMEdzU8Eyk4wPrXLtq0d9jzS/u5LrUJJZVZGz91uoqEnitHxJsGuTFABnrWYTxXtU2nBWKWwE8VWJ/efjU5JxVfPz1oTNmihyg+lVZ+tWI/9XVabrSQpPQWM081FH1qVjTBbD0PFTxHiqqnrU8Z4qWNEd0OaqqSrAjqDmrdyM1TJwc+lPoDPU9N8yTToGJ5KDNFZ2gajdXlgoa3KBAAGx96ivDqQfMwuem0UUdq9w+bGGq04zE49qsmoJeh+lSxHlOp/Jezqf71ZD/eNbeuqF1Kf61hv161a2O2n8KDNSR8moC2O9SRsM9aDRF9Djb9a9F06TzLCJs9VrzZDleDXoGhvv0qEn+7WVQp7DtQyUwK881lCt1n3r0W85FcBrh/0rFRE3w+5XYlY43HUYIrprSOS5tEkLckda5d+YFHtW9pF+v2UQknco9KxrrS6OyQy80+WTP701jXOmzxgndmujmnGCdprNllLAg5xUUpyQLY5/YVzmqsvWr85G9sVQl613xGyq5+akjZt3Bok61E25RletanhZpzcqsXmuY1X5o/m9apm4BbI4oScOcOKe8CHlaZ89Yd5geM1XhZY7yJ5BlA4J+lLtK96ilHSlKz0O/CNpHsum3MM9pHLFjYRwB2rQEkePvVyvhWxmTSomMp2sMgGugFvjktXztRJTaPqlqk2JdX0cJ25y3WuQ8UXiXSRhetdaYY2Y7lz71zPiW0t44ldMByelaYdx9oZ10/ZuxyDIQdw4NI1zJjBJJqyVBqSDTpZTnYa9dM+YxcIJ3e5R33P9xq2NI06SWZJpGxtOQKsGwmbGRVu2tXhZGLHANTUbcXYwoTpxmm0bxQqi+mKfEaTdvtx9KbEcHBryZbn0ad0aCdKGFIhG2lNSIhjTffQDOPmrqmhV15NcmwlFxGYV3ODkCunVZ2iVmwCR0rKoBVm0y3cOCPve5rzvxHaC3umRT8or0WRZyx+YfSvPfEnnC8cPzz1rowd+fc3w+5znaoicSipCeKjf7wNewdjLhOY/wAKoTKc1djO6Oo2QHrQMxbwFWDDvUMVw27FXruPOAe1NgSGM5bGa3T0Pj8ypqFdhG7vwFNODgSbT1qVr2OJG2AZxxWdbyFpyzHkmmcmHX7xE9yeK9R0FxP4etD1BTBrzGdd0Zx1rsvA2tQvZ/2ZO4WRD+7LHqKwrRvHQ9vm5Kzv1MfxBH5Wt7R0zxXZaWQbeME/wiuK8RSh9ek/2Diuk0e8DwoueQKmovcRnSkvaSOvtnwBzWgmGX3rDtZOcZrZgYYHNcp1CSw7geM1ny6csp5jH5Vs7lpHmjRcsRVAYiaSsfYVahtEj9Kle+jkbbGpOO9Piy/OKVx2EuVBtWXtivPYbVbTVDO4DojZAIzXoV4MW7AelcylqJsgDmqg+Uia5jF1mxh1m88+0ukh8wASRvxj6Vm6tp8Gkx2/2G5aSQj5/myK6WXSFcnK4NQJ4eXzQWXPNbKotjF0epm2nm3NuDJycVg61ZPe6lHBF1C813lxaR2lv8oxgVzcCB9Rabqd2BUKpa8kVKkppQkJo/hhbWVJZX3FecVv3mEjEgHTrU0f3aivFL2sg9q451JTldnXSpxpq0UY3nmWQMTxmuj07R577bKk4j44BHWuWVdqiu20K+Q2EW0/vE6iprNqOhpU2J47TVIJAglQqO5FYviMaxa3NtKsga2LqG2KOOa6z+0d/Eka896qX8iTWphHGWBxXLGVndoxRwfi2A+RKQc85rgRJJE42Mw57GvR/E2HjnB6AV56yZlr2sLrDU58VF8yaNNNQ1KPT/NEreUTt/Grlp4uvoUVWVXx60XyKnhuyQDG5yTWKiDd0q3ThLdG1KdSLWpoz3T3lw08n3mo7VGg4qUdKpK2iPaW2ow9KrfxVafoarfxUzOZfhOY6hmA5pYW+WklPBoB7DE4NSnpUKnmpj0FDBDVJzViOq6feqwvFIYXHIo023S41KCN/uluRSTH5KZbvIJkaH/Wg/Lipl8IHqtv5MUKxrtUKMYFFZWnWepG2Vrp0DEZorw5RV9wPRaKKQ17x84Iagk5zU56VC9JiPJ/E25dbmGTisJ85rqvE8K/2wzEdRWE0SelUtjtpawRlPuz1NKhbPerrRID0pwijI4GDQapDYZCp9q9C8NS+ZpSe3FedhcNiu68HybtOZf7prOpsU9jXu+hrgdc/wCPqu9vOhrgtc/4+qyibYfcqqu9EB6E4rqrK2ggtlKqNxHJrlUJ8pTXS6cJJrNDnpxWWI2OyRNKUyeBVG78oQcAA1ckiOap3VtlDk1hDclHMzgB2x61RmHy1o3C7ZGHvWfN9016Udi3sU3phwFyeBT3qGXLIQK1R5OMlaDE8tX+YGjzWjOD0qGBmTKt0qSVwRVnzMm5O493DD5ajccUka1I4wKhno0E+Q9K8K6klzpKQgbWiGMVuPK+PlQ1k+EIIY9GiIA3MMk10AZRxXgVre0dj6WHwq5RzMwyEwfeuO1yO5W4LTncvb2rvnlQDHeue16JZrc4HOaqhLlmRX1ptnCtI6HIGasw6zcQAYGa2IdMhZR5g5qZdIs88rXqKaPka1aE3qihH4hdyN8P5VeGq280ONrI2aeNPtF6R1Q1aJIo0SJcZPOKTdzFSinodPanMI7gihhtkqvpmVsosnPFWZgTg15k1qz6anLmgmW4T8tS1XgPyip84xUFF3TIsXfmFRwK12Y56cVmWMmM1prIuOtYTeoEEyk8qOa4rxPb7pD645rtJ5SoyoNcPr8zGaXOfxrfC350b0PiONl+UkVAScCpZmzzUXGBXuI6ye2bnFSS8GqqPscVZkOUzQMz9QBCZFZQdi2CTWtdZKHNZEjjsOa2hsfMZxC1a/dCsvvS2w/fr9aYqyOOnFSQqUnXNU9jzqD/AHiNCQZFZ5Lw3AkjYq6nIYHBFaGc1VmWoR6+Mp88LroPFw8zmSRi7nqzck1vaVemJlxXNIcVftpipBrSUVJHl06jUj0yzuVkRWB61qxXW3AzXD6Zf5iA3YA61vxzHYGLcYzXnzp2Z60aiaOga9Cp1qqWmvCQPu+ua5TUfEAgJijOWxVO18XSwZGMimqMmroTxEE7M7JNZtNN/c3ClW9cE1r2t7azoskUilTzxXl9/wCKpZgQsY5HcVS07XrhJCBJ5Z6+1V7CVhfWoXset388YQgEdKx7YGO43Hox4rjv7evriXy0ukJroNKuLu4UeftJB4xUSpuO5pGpGex0kkIYBhTCoRSTUsb5jANU72Xy4yc1kaGLrd0Fgc54ANctocxmkZn/ALxxmpvEN/iB1B5NUdFykAbuTWzjamZKd6qR2CSjOKsFA8bD1FZYYjBq5a3GSFauFxO0yJIGUkEdCavaK4jvlzJtBGNuetSXoEbHgc1c8N2tjcSmSVN0ynjPaqm/duyp/CdIkcbx84zjrUZWMcFcgc5q4VhVMDA+lQHaeB0PWuBPUxSOA1+XzROFGAM1wkZ8y82/wiu+1uJQ97tOQAa8+tf+Po17uG+AzxC96COg1XKadYx9ipIrJiGXrU10nbZL2EIrNhHNbrY2pK9VFpRgVJj5aaOgqQDikesV36GoBVmQcVBigzkSxHiiX7tNSnS/dFBL2Ih1qc9BUAqQk4oEh6feFTiqqH5hVnNDKQkw/dmpNDnjg1aBpj8m7vUcn+rNUoj+/XnvUSV4tCZ7OkiugZGBBHFFZNgBHaxlpDyoorwXFJlWO/ooor6A+cGnpULVMahfrSEeeeLU26op9q59hxXVeMUxcxtXLkZprY7sP8JWcUiDkVJIMCo160Gwx+HrrvB0n7uZPeuSl+/XSeDnxdSr6ipnsPodRdZwa4LXB/pOa7+76VwWu/8AHxWUDXD7lKP/AFAra0W8kCtEASBWJH/qa6LRWiW0zxnvWdf4TslsWmdi3Q1TvHfYcL2rQkuIscYrNnmU8ZFcsXqhRObncl2z1qhMflNaN3jz2xWbMODXpwKexUbrTdu7ilc9aI5NlbHh4+r7OI37OT2pTatjgVL9oA7077Tkc0zwHUd7pEa25AqKVdpx3qz52arzNlqTOrDVZSlZnT+E9Tuo5vsiAOh557V3ypIRknrXmPhe8S11Zd/RxgV6krZjH0rxsYrVLn02Gk3TRA1qXbO/msbxCr29mGDDbuGa3+/HFZGu2L3dg6hunOK56T99GtVOVNryOZXUV2j5xSHVAh5esX7E5cqWxg1MLBFx5klexGKPjKtJQk0aP9rAnhs1DJeC4mVW9altobONdw2kgdzWVOP9P3g8E8UWRlG1zu7DHkLj0q2wyhrP0ly1qoPatIV5VT4mfS0bezVhsJ4qxVZOGNWBUGhPbS+VOoPRuDW8ixBc1zbfdz3BzWuqm4tlZGwcetZ1F1AnaRWbbkYrifE5AndRzXXABSNwxjrmuK166SW6mAxxxWuFXvm2H3ORkXk1ERzU5++ahb71e2dQ1h3qaJt8ZFRv92i3OGIpjGyrwayjGBLzWzPjBrKulOciqgeTmtNThfqiXASEsOwrOiYtNk1LJOWi8s1XXhwB0zWx85H4kzTVuKSTpQvTNDn5fwrPqe/L+H8im5wamhfBqButKDW6Pn27M2ba42dDxW4NVZYt2eNuK49JSp61O14xiK1EqdzaGI5U0Lc3RklZu5NFutw5+VCc+1R2aCS5XeMjPSvSLC0svIjKqqkilVnyaGmGo+2bk2cSdPmmwu0qfetFNAt0sHkmkYS44xXdC0tnTbJGCPUVRutBtpATFcMn1PFc7qs9BYSKV9zzBsxSnacEGuo0vxTLbQLG/OKz9e0drRzJGd/0rESTFdHLGojznKdCbSPXdN1mK+twwPPcVT1rUUSHANcfoWoNb5BcBSM9ai1fVBMzANmuVUPf8ju+sr2fN1KGp3X2mfGeM1bsZJI0GPu1jwhp58AEn0FaseYlxmtasUo8pjhpOU3M6mCRZYwc/NinqSzhRXPQ3Dqw2titaG/RGG5efWuCVNrY9iEuY1tSUvDGy9QMGs3SJb6LVxHbIJA33ge3vUr6g9wpRMBe9HhO5VPEMyyEZK8ZNS4tU2aVI2jqdY8l7CCk0fynkMKkimkZSBycVoyzxvE3Tpjms62H74Y7GvOTutjFHGXO/wAq8Egw/wA2RXDWo/0hj716BqRLXN/kc81wVsMTN/vV7mH+EeIV3A19df8AfW6+kIqjEOlWtd4u4/8ArmKrQDgVstjSgr1CwKnA+SoF61Y/gqWekVpOlQVPL0qCmjOW45etLJytMzikc5FMhjQemamyNtV+9TAcUAgX71WBVb+IVZH3aQ0B5U1Rf7/HWrw6GobQRHUoROQIy43E1Ldk2KWx22n3MkWm2wEUjtsGSBRXU20dsIEEIXy9owRRXiSmuZ6GlzrKKKK9w+cGmom61KaiekBx/jFBsjfHeuPZcV2XjZvKsBJjoa4hboyDO2mjrw3wgw9qhYcjAp73HtVZ7k54FB0kkn3q2/Cj7dVx6iueVy55ra8PP5eqRt+FKWwzubzgGuD17/j4Fd5ecpmuA1xs3ZrCJpQ3KkQ/cVq6LaPKjsXITPSsuH/U1q6Neld0AHPWprX5dDsexrPaRDvVKe1TsTU7TSBzuUgVWmn9q5I7ko569hKSnms6X7prTv5cvWXKeDXpU9kWyi5BphUkUp4JzToiGcKTitjw8Xy2vMiWPJ5NSSxbVGDV8WUI585fzqwttanG6UUzxJzoXujCG/OMmn4Pet57axSJirgtisRsbjikzpwjhJtxRpeHbQ3OsQjBKqcmvVEICgV5l4YuJIdVVIiAZOCTXpcEZZPmbmvIx9+dH0WEt7PQlJAHNUdQuUhtnckYUd+9XmgGOTVC70uK4t5BI5C9a5IW5lc3ezsecXFyxuXkAwGbNMadnHWrd9AsUrqpyASAaoHjHFe3Cx8tjaLUnIQyOgJ5xUunxveXKofWnKFkXFWLEfZb+F+ikgGnPSLscuGjCVRKex2mnW3kwqvU1cIwadEBtBHcUrDmvHk7t3PoopRVlsR4O7NSZ4FBHFJSGPP+rP0rb02JUtFPqKw9w2Ee1X9IS9eI8jyv4c1E9gNOaJGU5Fef+IoI45pAoA5613rxT9yK4PxMj/aZSePaqwvxm1D4jkSwD1G/LcUOcSDPFGea9xHSxSOKiHyNmpjUbimMWZ/k61nzHOatyn5AKpyHmqRw47axU8hmbrTngEW31qQziM/dprS+afu1stj5aouWbSJk+4KVhkU2M/Lin1n1Pcj71MpuMNTelaMWny3bP5SFigycdhVBxtYg9q3R4VRWkxM0oNMzS5FWYliCTy3BrqLHVh9n8vaS56HPSuQB5rSsZvKcNms6kVJHTh6rg7I3G1LUrdiY5jjrg1LD4rvMbJokPuKLeSKeHDAZqtqdvFGqugxkc1hZPRo73KaXNF6F59UhuoyJIwCa5O9iRLhzH93PSpDcMh4NQSS72JNawhynFWre0XmNSYxjANRSSFuppjNimg7jWtkc92bvhq3ElzJIf4VOPyqvcXbpO4wOGNX/AA9LHDuBYBmI49qp6xbNb375GFY7l9645fxHc9ekkqCcRFvm2/dFW7e5MrDIOazYRyOK3LGNePlFKSSR2YW8malsv7vOKseGLWG41q7Mi8quQR1FCD92Kb4djuv+EikaAhUx8xNctX+Gz0sUvdR2klv5KAF2I7ZNWLO3BHmHpniqzx3D4zg471btI7jbtJwleQ9jjRy/iOKOO/uPLA+aPJA+leaRHDn13f1r0zX7T7PeyYkL+ZGcE15kAUuWU9d/9a9vC/wkVW2gy/rTb75R/sD+VMi4Ap+rD/iZL6GNf5U1Olbm2F+JskTrVpgdoqrH94VbYgIKR3lOXrUeKklILU0U0ZsibjFNY8UspwRTWPy0zJsFGasr92q8YzirAoBDGHNTKflqJ6cn3aRSJBUEcH2i+ihH8bgVNnBqJC6XsTR/f3DFTL4Qlsemwae1vbRxRzOFVQOtFWbRZBZxeZy+0Zorw29TY7WiiivdPmhKhfrU1ROKQHKeNYjLpLAV5/BEwXFek+KV3aU/0rztThsUROvD7Ebwk1CbYk1dYZphFM6iCO2xWjp5EV9CR/eqstSxHbNG3o4oewHf3JzED7V55q7BrxvY16DMc2Ib/ZrzbUiTdSH3rCO5tQWosJHlkVoaFs+1SFutZdvyhrW0WxMjvMSQM+tKr8LOp7G87K3UVUmWM9hVll2ris6ZCxxmuFbkoxtWWMSfL1rFlHWtTU0KTDnIrNl6V6VP4UW9jPkHzGowhc/LipZfvUxDtzXQjwsYrxaJlsZXUFWB9qe0XlR/Meaq/bJIJAVbirElyt0mQMN3qkfONNMrbn34J4p7DHWo92HGRUjsGIxSZ3YK9/IvaHK0eswFBkk4r1WJXGDXnPg+xa61pZNuUj5Jr01iVOMV4+Oac0j6XCXUBpdjkYrL1JrsW0gRfkxya1wQOazNVvRHayDOMjHNckPiVjol8LOElBbOeuaoPwelabDdk+pqjcJ6V7EOh42KXuNkSED7vWpUnDnbn5hVdWwDxVW2ZmuW9Sa2aujwV8SsepaXMZtPhc9SvNW26ZrN0bK6dCD2FaLfdrxqi95n0kPgVwByKaTihOTQ4wahljeoNbelXEn2NS6bVHA96wwcV0NlPDLp0ajqOCBUT+ECaa8jCZBya4HxLM1xdSFF4xzXbtaxKGZs+wrjtZ2xSygqeavDW5zag/eOFn4kpM8in3Q/fk9s0wKzOEUEk+le2nodF1qS44pHXIrbsNAknjDStgEdK0B4XhYcyEUnJGTrxTOMcZFM8pT1rrLrw1BEufPqvD4eib7zsaamjnrzU9jlpY0AJGOKqGVRXVan4cEEJeGTIPUGuSuLSWGQhlIranJNHhYulad0TRuCOKnUZGe1V7WMsORxV1Vxx2rqw9BzfM9ia+LVKkoR3Ox+HaxyarcxSKGDxYwe9ZPj3w4ukan5sA/0eYbh7GofDWotpev202cIW2t9DXqnijR49c0Nwq7nAyppYlOE12OejarTfc8ANAqe8tZLO5eGVSrKcYNQCkjB6MdUiy7QMVCTg07GRRYLl+HUHiXANLcanJOoUngVn4pKXKr3L9pK1rkpkJpM5plOqiLkb10/hPwvLrsdzKOFjXgn1rBsrGbULtLeBSzuccdq9w8MW9roarpQUBygdm9TUTlbQ3ow5ndnjdzby2N08TZV42Kk1YvtR/tCzgSRMTRcbvUV0vxF0sWetidBhJlz+NcZs4zXUqEasE+pl9ZlRm49B0AwwrobEbgMVzqOUPStaw1KOJgJEOPauarg6m8dT1cFmVFStN2Oj2kR0vhVLh9ZuTGPkA5qut/aumVk/A0nh/WE03VJDJ9yQ/erzK9Kag1Y93EVqUoLlkvvPRVEi43c5HpVhZyiECLJx2qBL1JVVwQyMMgimXOo2dmjSzTLGAP4jXicrvaxypo4q8vnvdRuSdw2ZUKe1cJcj/TW9d1dZbXUV7fXs0LZRmJB9a5S84vHI/vV71CNopGlb+HEu6qub6I/9Ml/lUKVY1HLtBJ6xCqqmtTpw6srk8fJqxIflFVovvVPL0xQzq6FZ+tAHFI/WnL0pmbK0x+amk/KKJ/vUwt8ooOdvcsRVKDioI24qRTnNBcXoKxp6dKjNPQ8UDJeKl06WGHWYGmXcmcc1ADUbRmW4iTdjcwGfSomrxY3setK4ZQY/u44oqPT7dYLGJNxYhQM0V4L3NjtaKKTFe+fNhUb9DUlRuODSAwPEi7tMf6V5xtwwr0rxAM6dIPavMFeQyEbe9KJ14fYsHpTGFOJfH3aaCW69qo6QBp6n5gfQimAUE4BxQM9A3B9KUj+5XnWoDNxJ9a7yzk36Ipz0SuCvTmZ/qaxjuzeh1GQD5KvaZcyJdmIE4IqjCcJUmn3EcOqBpDgdKJq6aOp7HWru8vmqk6HYSKsrMkgBQ5FQXDNsIArzluQtzltS3+b81Z8n3a09QVmk5BrNkGB0r06WyKexQmHNQ1ZmXNVnHFbnjYjRtlaYZOaEYoeDVkRhh70x4Coz2rRbHz1V3k2SI6vwetNJCk+lQKDv4NT4z1qZHbgk+U9K8DxQJpAlQrvcnd6iumkIbkHJryHQL6az1CONZSsbHkZ4r1SFjIFYdCK8PF03CfM+p9Hh5qcNOgjz7WKHOaxvEKA6UX53hq3hGhbLDJFVtQ+ziykMpXbt71hTdpJm01eLOCVgUFV5Vy2PWoLljIztCxGGOBUkEhki+bhh617UY6JnzuKxfLeFh72wW23Y5qnZ25WR3IwBWkHZl2npSFCUKgYzWp5HNrc6/SWzYREdMVoE5WsrQONMRSeRWt2rxqi99n0tJ3gmNTrSTfKRSjg0lxyoNQaAhFbumRRrbAqBuzk1zgOBWjokkxuGUMPLA5zWc1eIG7IAQSe1chrxjaR1IHArq5VIRgTx61xWrIJbiQbjk8daeG1ka0nZ3ORktWurryou5rcsNKgtCGlxv8AU1HYWX2fUDk5Jp3iW6FlBGJCVDMM49K9la6IyrVt2tjUN9Gsnloc8dqbJM8o+V+fSptNl0n7CstvIhBALFjzVLUdRsIG8yNwD6CjlbdkjByildsgdW3/ADEn61Yju4IflLjPpXLahrks/wAsHyistZpg24sxPua7aeXVZq70POq5pRpuy1O2u7qKRTuYBPWubvrm3ZiiLv8AeqLPPKPndselOjiwM130MuVPWbuefiMzdRWgrDVjA6DApxAAqQ8DGKYRmvQUUlZHlttu7ZCwIww6g5r2jwjq6X/hlZpm+aEbXz7V42RwR610HhvWm0+1vbE5IuVG0+hrkxtHnp3W6OrB1fZ1LdGb2ueG7bxRHNc2SeXdLkgf368yvbG4sLhoLmJkkU4IIr2Lw85SJSOCBzVjxJ4ctPElm2FEd4vKNjr9a8iFRxdmelUoqSujwsrzSgVoajpF3pl01vcxFHB79DVIoQa6E76nE4tOzIyaUDNKUOacqH0piGYwadsY9qvWWnTXs4iijLMfSu40XwTEbuA3bE4+YgColNLQ1hSci54C8Oixt/7UukwxH7vNaGprPbakuo8535x6LXVx2oKgBdsaDCp2qveWYmjZWXINYu7dzsjHlVkct8R4lvdFsdQiO5c4yPevOFi46V3euw3Nrpk9nktbkh1B/hIrjlTp9K9jAPmp2PJxkffuUXhPUUwIymtIoKaUX0ru5UctiBASOcinkYGck07HNKR0pcqe6Gm1sy1FqV9DEI4rhwg6DPSqN4bi7bM1xI/sTxVkLxTtgNYSwdCWridEcTWjtIXRXW2lKsdqkVmXqE3TkdN1X2iU+v4VG0PauWeWxveLPShnM+RRqRvYn1FP9CsCOpTBqgKtTSySxJG65CcDFVwoYHHUdq4qmBqw1toe5hM3ws7Rbs/Mkh5bNTy1WiO1sVK7EiuRntJ3VyFzzSr0pjHLUu7ApmTIZhk1AfSp3OTVYt8xpnHVnysniPFSrVeI1MpxQaQd0iQ0q03PFCnnFI0uTA01iVmicdQwxQuT0FEkMshCxxSE57LSa0sOTSR6ba3U0dtFvQnKA5HeiqelTXUdhEkkTEhR96ivFnRnzPQv21Puek0UUV7J8+JTG6U+mNQBja2M2T/Q15k67ZSB616frA/0Rvoa8znws7896mO514fYdnjmoekhp+8HvTMjfVHUHQmkPSlPXikNAHW6Q5fQiPQGuNu/9c/1NdXoUn/EqlX0zXKXh/fv9TWVveN6KIlOFqq43XKjnrVpBkU0RD7TGf8AapvTU6uh1FiBFAqjpViUArmiIKIQAO1MmfahFec3dkdTIvlUgn0rAuiB0rXvn4ODWHc16FHYctinI4JqAnNPl6GohIOhroR4eLnKL0ED7WptxO2zA70rgMMg1GU3DFaI8CeruJb5K5NWhjFIkPlxUimpe534N+6PiV2nQR/fJAFes6Ta3UWnRee+XxzXk8E5truOYdVINet6XqC3dhHKp6ivMx97I9zBW1Lbq23GeT3rK1LRDfW5XzXDdRg1oSTkcnpUMt4EjyD2rzotpqx2vVanml3bSWFy8LHlTWfNJKp4bA9q1dYlNxqMr571mTD5TmvdpO6Vz5vGwjdsiE8wGfMNSxT3LniQ1SJOCKu2CNtJNay0RwUYxlNJnoXh1WXSYy5yTzWtnisrQXzpMftWnmvEqfGz6CCSikhNxDVJJ80WaiPWpM5jIqCyuTxU+lSTJfARglSPmqvmtXQvkMsgxnpzUy2AualdTRWZZU7VyKb53aRhXT6xfo6JAcDecE1g6peWmnWj7WGQvA7mujCU2+gOSjFtkej2pnmmu2+6GwBXJ+OLv7TeJAh4Qc4pLTxXd2tpJBGBtZic9+axnZ7iZ5ZCWZu5r6LC4CblzT2PCx2YU1T5KbuyvbiSMYDsB6Zqx8zdWNPVPanbK9qFCnDZHgSrVJ7sYEAFKFxzUgXFKErUzSHwyB1wQARUmPSoQm191WF6UikRsKYRUxFNIpFEOKfHlZAwOCDmlxTguQaTV1YFvc9I0PzI4Yi65R1BDV0scIJDDODXM+Dbv7XpCxuQWhO0/SuxiQbBXzlanyzZ79CXNFM5bxrop1PSF8iNWuQ4AbviuGfwFrCLkxoR7GvZWiVhgiqxsQJN5ZmHoaz5pLY0dKLep4ffeHNR0/me1cJ/eAyKt6P4U1DV2BhhKw95GGBXtggguF8powwI5BFW4rJI4kjjRVRRwoGAKfNMXsInIaT4atdItgoUGT+J8cmt22tlHIXHvWjLakAcUixkcAVUVrdl8iQ0IAMUxog1WRG1L5LVrYLHM69pwlspcLyUNeSFCpKnqDg171c2pkiYEdq8U1a2Nrq91DjhZDj6V6GBlZuJ5mOh1M8imEGp8Um2vSPOsQbTQRjFTlKY64FAWHBcinYpU+6KXFA7CYpNtPxRigLERQVXaIb8jvVzFQTHZgj1xTuQ4lZuHzSs3FEn3ytRFuOa+extLkqvsz7rKMX7bCq71Q0nmlzkVGTzS5wK5jvchrVWb79WTzVZv9ZQcNfoTxIRzUnQ09ceUKjY80G8bJWQ/PFCZeRUUZYnAFR7xjmuv8F6EbmT+0LhQY1OEB7mixFWsqcbs0tA8NR2sIurxA8rcqp7V0C2qZ3CNAfULVsplsdhUoSnY8WpXnUd2yqIj70Vb20U7GV2dFRRRWR2CU1qdTTQBk6uP9FP0NeZXkKiZyTzmvTtW/49zXmeqHbdsPU1Mdzrw+xV2DHWlVQKRORT8VR1XCkNOxQcUDNnRJAttcITXOXbfvn+prU0+fymlBPDCsy5QmRj6nNQ1qdFFaEUTHNLI22VGHZhTUGDROcAEUmdB2Ns6vAre1NmCmqemebJZocgZqzJE+DzXnSVpGfUydThjERYEZrm7k8VvaosiLyeK5+4Oa9CjsOWxUkHyk1UYc1cbkGqzAbq6EeRjY6XGIoJx0pzo0fOc1ZWxLgMGxVyxs4jexJcHcjNtNaHzs2nLQykmeQbTUyxNjNa+r6ONKuyuPkPKmqIlUDBNS9TWnWlDRDbGxa+vorcDqea9asNPgs7RIkHCjmvIkuWt7uOWJirKeor1bT7h57SNypBKjmvMx6enY+kwMoyhdbl90jGBtBzUFzHCsZLIBTwXJ5qO6t2uF+9jHSvNjud7R57qYgj1hgB8neqmoWoxviGVNWfEdpJaX7M/IbpVSxv0z5EpGxu5r3aD91NHy+Yp871M2KIGXawrSSNUXC0l7ZGF/Nj5X1FNilHXvWk9TDCcl7vc7jQU26Uma0wM1R0gj+zo8dMVeX6141T4me4tiN+DTg3FNlODTA2BUjGOQCansbpY1kUvtJ6VUlarOjWCX12WkOUTkj1pebKOY8Q67I8v2dMqQfvVzE801yx8x2b6mvQPFkGmxCQlV8wcKBXDKgPOMCvqsmUZ07uJ85nM5RkoqRTRR0xVlEwOBQI9svsanVRXvHgRRGFPpTgtSkYoA5pF2I9lOC1IRTRSHYawpUPanlc03YRyKB2HEU0rTxyBQRSAj204LxxTttHSgLHReC7z7NrHkMcJMMfjXqMAKjaa8St5Wt5450OGjYMPevaNMukv7GC6Q8SKD+NeXjadnzHq4GpdcpcMZPSm/Mpqwo4qTyw1cDielcqwYM/virSmRTwuaakYEynHtWgq0coXK8m4x5x0pi4q9sBGCODVUxbSapIV7iAUtJtNHNUAyX7jfSvHfGUPleJZjjG9Qa9kKlgRivKviBFs12JsfejrqwjtUOLGq8LnJEUYp5FIRXrnkDSKjkGFqYCo5uAB70AwUcUtHakoBC04dKYDTu1IYh4qldPwB/tVakbArMmcyXKIP72aZE2Pujtl+lROwJz60y6k3TNj1rqfCej22qW05niDumNuTiuDMIc0Obsenk+KVGq09mcnnB7U7dxXoNx4X0s5V4WiP8AeUmsyTwK8j7ra6UxH+8Oa8do+ijjqbOPLYFVyfm6ivQrfwja22PPDyt3zwK0rfwzokzAPZ8/7xpWMauLhLY88t4ZrkCOCNpGPZRmt2x8F6lefNMFt1POXr0JNMs9OtRFZRJCWOA3U/nToz5kkkBb51GOadiJ46T0ieeT+DJYgSt0jqOuB1r0LRYI4dKhSMAIqgfU0x7ZI5ljK5UDFX4o1htVjUYXsKZzVK0qnxCqueT1NSYoUYFOxTMxuKKU0UhG5RSUVidoU006mt0pAZeqDNs1ea64Nt5xXpep/wDHufpXmHiklbhCOKmPxHVQehWiIxzT8471nwOxB5NTFmPc1odS1LgII5NIQOxqoC3qacGNIpFpDhqim5JzSwvmQA02c8mpZ00tiDFMn+5T+1IyGRdq8k0jcs6brZtUELrkDoa0m1yExE85qpa+HGkiEkj4PpUz6GgU/NXNL2TZn1Mi/wBQa5PtWc43Kau3tobd8DpVUL8prphZLQb2KT5Bqs4yauSfeNVZBit0eZjI3gxwupEULmmi5l3AgtnqMUkYXqQK0Lee3QjfED71R8xNWZf1fWTqthbR+WRJEuGY96wSGPWuni/s6VOuPUZrH1BYfPIhGFFJl0ptTtYoAAMp9CK9f0SeO40qFkI4UV5Cehr0fwMfM0ZlLHIY968/HRvC/Y+mwbs2jpSc0kxVIs5xShCp5NVNQJETFRk44FeWlqehc47xddxsyrgFvU1xkhUtnFdD4iuluGRfK2SJwax0jjbh+K9vDLlpo+YzNr212TW2oMYfsz4YHoT2pdio2M1CsCI28H6VNqELRFZE+6wBFdDPMWmqO70NgdMh91rSBrD8MSeZpEWeoGK2Qa8WqrTZ9FRd4IZIeaj3U6TOah5zxWZqJMcLmpNL1WHTHmklkAXbnHvWHrWrLbAwxHLnqfSuXeeaXJdmP416+BymdePPPRHl43NYUHyR1ZNq+sPqOpSzkkqzcD0pIXVlwGyappGjSjJwaW4gks5BLGcr1NfVUaSowUI7HzNSo6s3OW5flXChqenIqOKdbq0JB+YUQyZArUhbk5HNG2nU3vSLEbpTRUppgFADhT1GaQUo60DGkbGx2p2BSPyKbC4JKMeRSAfjimGpiKiYUBYcnINehfD/AFESWstg7fNEdyD2NedqcGtfw/qR0rWYbjOI2OyT/dNY14c8TfDz5ZntKc1MBUMG10V1OVYZB9RVjFeO0e6mNI79wavIMgGqhHFWoDuj+lIGS4qvMpDZFWqjmXKA+lBCepV/ClC7jjFOCEmplQL9aCrkRQKp9a8s+IqH+0bV/VSK9UlPBrzH4ir81o/uRXRhf4iObF/wzh8UhGacaBXsnjjdhFQzffUVbAyKrSczkelAmMPFM3GpWqFutACbsUGXA6001E9FiWxZZxtPNU7dx50szdEXA+tMnbrSQoXURoDycmgzcriRxtK2cda7fwbKLeW4jzyVBxXLfurRMsQW9Ks6NezW2opdbtsZYKwPcZrHEw56bRrh5clRNnqo8m6iwQD/AErLm83S7gPy0JPPtTxK1lMrg5hkwfpWjIsd1Btb5lYV4J7W5JH5dxEHXBBHUVCYPLlDCsuzuH0e/wDss+TbyH922entXQsqumR3pNFIqajE09ugU4KtuqlK5i1W3uP4ZV2n61pPkyonoOao38e+z3r96N85pAaE0Ydt4p7cbV9BVe1lLxKTyCKk3ZbNAE680+okqSmUITRSHrRSEblFFFYnaFNPSnU09DSAzdR5gNeeeIrdZGUtXoeo/wCoP0rg9dH7oGpXxHVQXumBFBGvAqbykqsrYarIbNaHUh4SMDpUUqKOR0p+c0yX7hpFEAfEgxTpmzzVdmwRTydwzSaOik+gnarNswRlcjoagUcVKnTFQ13Nzp1ug0CsOmKiadGQkHmn2MKrZLnnimTRIM4WvOaSZHU53UcuST61mkAKa3dSRFjPAzWBKeDXoUXeI2VW6mq8g61O3eoZOldCOOtHmi0VTkGpIJh8wYZ9KY9Mt/8AWnPpVI+Xqx9+xMHbtkU9ST1qIH5jirCCkz0sNSg1doQr3rt/BMVzHbvLuxCTwK4wrxmu58HXa/YGh/iU1x4y/sz1MNG0zpm3lsgkD0qOaNmTlj+VBlc5wDUUk0m08V46vc7rHNeKdPtlsWuCSJs8Vw5kLKK6rxPqBliEBjZWB64rmFhLjgV7WE5lT1PnM0cHUshqT4Fa8Ti70ph1aI1nQ2BaQFuB3qa1D2VyxP8Aqn4b6V16Hjs6fwhNuhmh/uNxXQM2DXM+F4vIv7tMjaeRW1c38ELENIAa8qvTlKq1FXPcw00qS5mWXbAJrB1TWkt0aKA5c8E1BqutpsMVu2SerVz4O47mOTXrZblLk/aVkedmGZqC9nSeoYeaQu5yT61OsXtTo8VZQAivp0lFWR89rJ3ZRlsw4yvDdqIJyP3M65HTNaJTIqldW4YdOfWgLWIvspt5i0J+RuopsR2yEU+CcqfLl5HQUyZfLueO4oJb6loGl3VCDxTgeaTLTJ80nekzS0ih4opvenUDCq8yFWEidRVjtTWGRigRJDKs0YYde9DAVWUGF9y9D1qzkMoIoGhmKlXBGD0qM0qHmkwTseteBtY+36QLaVsz23yfUdq7FQCK8N0DVn0fVobkH92TtkHqpr261lWWNJEOUcBgfY15GJp8kj2sLV54WJvLp8HyOynvS0ZwwrnOlk9BHBope1BFyMcUhpDSUikNbkGvOviNEPsUEnpIRXpBAIrhviLFu0Nmx92QVtQdpoxxCvTZ5d2pVpqnK04V7h4pIKp53SMferTHajH0FU4m+TPrQDCRto61WMg9aZeO+Dt6VmmZxwSaLmUpGpvGOtRySDaeaorccYpxkyKEyHMjmcZoiupVOyFRk96jkOTzVm3Dk4hTHvS1YLQFtXZg0zksf4annfy0WJetWvIFrEXf5pKopG8rs7dCadr6FO6PQ9Dum1Dw8nmcvF8pq/p16ATAzcdj6Vx/hjWV029NtMcwTcN7Guk1G0aKT7RbN15+teFiKbhUZ6+Hqc0EaV9FHdRtbzDDfwN703RdRdWNjdH97H90nuKp2WqQ3sf2a4Plyj7rehqpqQlglSRvlmj5Vx0cVgbX6nVyybLtT2K0yMCVZoz0NVtMvotTtFLHDjhh6GnEtZ3a7jlGOM1LKEtGMcbRn+E4FWY2ziqtxhLpgOjc1PGMGkO5dSn0xOgp9MYhopDRQBu0UUVidoU1uhp1IaQGZqP/AB7t9K4XXF32zYrudS/492+lcVqgzbyfSo2kdeH+E5IN81W0ORVHo/41bjPFanRFk4pJB+6NC0r/AOrNIszJeDT4+UqOfqafH9yhm1PclB4oUntQv3TQnWoOpG9pU8ktqR6VblBwcVS0aRPJZO4PIrSeRCp4rz6itMh7nPalFMQSoyMdqwHBGc11V5LtDYHauXkOWb612UG2tQexUPWo3HFSN96mt0rpRzT2ZVYCo1RmfCg5qV+uantCEmV2HAqz52pGm6nvMrpEynnrVlBxUrR73LDoTS+WVFI7cPKn8MWMI4rtfB7xf2ewIAbfyfUVxbfdro/BqvLdSIWIRecVy4uN6bPRoaTO+WWLHaq8sqc4GalNqh7mg26eWV614p2nC+LLiMxKuF3bq5mK4EfcV0fjSy8oJIp471yYiLIMc17WEt7NWPmc0X727NJNRtxw5qhqN6J3CRA7faqrWUpfParUNsFHIya9KjhpVXoeJOrGG5pW99JDYJsbEpXDfhVZmll5diSaliRRjNTbYzxxXtUMNCkttTjqVZ1OuhnmCQ8rSDzk+9GSK0gQvvUokRhjitzLlM6K4hJwxKn3q7HnqjhhRJaQyjoPwqlLYzREtDIcDtSbHZo1VkYcMMU5gJFrGj1GaE7ZVyPer8F7DLjDYPpRcpMiuLcH6jvVWXcNueorXePeMqQazrtChGaaM5qyuhqNipc1XU1KDxQxRZMDUmagU1IKRomSA07I9ahBpc0DuSk8UgPrTA3NLuzSHckwGGKaP3Zx2oU044YYoGKcYyKb3pqsVO1vwpzeopASqQVIPevTfh7r32mzbTLh/wB9ByhPda8vQ1d0+/l0zUIL2EkNGeQO696xr0+eJvh6vs5pn0CpyKU9vrVLSryLUdPhuoXDRyLkEVeIxXjtNOx7id1dEzHaM0K2aFIdBSqoXNIgjb71JTpB82aYaRSHjpXJeOYRJ4cuh/d5rqweK57xRH52i3i9f3ZrSm7SRFVXg0eKinqajB4p6nJr3lseE9xt2+y2c+vFUUfCAVNqb4iRPU5qoh+WgzctbCt82c1SngHJFXSRUT4INBLMkgqaer8U+dME8VADUPRk7ocx+atGwkYyKiDvWYAXkAFdBptqIoyT94jrTiVbUS9nG4KelVWuVxtUVauLEO2dxqEWOD1q0KXNcrKCzg5rqdP8QeTAkF02VAwGNYC24U9aS7QCE8Z4rDEU1ODua0Jyps6i4iiul823kXd1BWpbLV0lU2OppkHgOa8+i1GW3fMUzKfTPFaK6+s67LuMN/tL1rxHE9VTVjsU87Qb9ZQ3mWchwWHpW9c3sZhVJG/dScxyeh9K4PT/ABJHEptLhvOtG4w33lrctbmD7ObV5RLZSfcbOShqGilK+xtx3XnXUUbEFgMZrWjOTXFaeZbbWYY3k3pyFb1FdpEQcVLLTL0fSnGmIeBTzQWNooNFAG9RRRWJ2hTT0p1NNJgZmpf8ezfQ1xt+MxPxniuz1H/j3b6VyF0uVI9qzb947MMtDhZLlUnZcdDViO6BHSq15bMLyQjpmiJDWxabUjQFxjtQ8xcYqNIsiphAMdaDdFGUcURnAq3JCAM1SB+c0maU37xP2pqtgmgNxUZbmoOw6LQljMbM2M5rWkjjxxXM6LJJ9oKj7ldA8LdQTXDWVpkPcq3SpzkDFcpeIqTuF6V1F3FIEJBzxXKXDEzPmt8MD2KL/epCDinOPmox8tdiOeWzIWAK470yJyXCAZJOAKHzup1ohW9hbHG8Zqkz5yrRXO9S5EedrDBps8oHyjrTL5ZPtb7SRVcK38R5obHRw7jNSTJgcrW34VvZbfVREi7hJ19qw1PGKuaQ0sesWxizu3AYHpWNZXg7ntU3aSZ6t+8IyDTCHAyxqVXwgz1rH1jX49PjI4MvYeleLSpTqz5ILU7KtWNKDnN6IxPFqmWHbnoelcjFG0Yx1q5e6pLfSs8hJyaq+c3pX2eAyxUaa9pqz4bM8z+s1P3exG5kPRaiMk46cVbEjH+E0nUfdr1VBJWWh5F29ymZ7jHWj7Rcf3c1cWMZ6VKqqO1Ow1coLfSIfmTNSjUYW++hX6VNLCHHSqklsvcUrS6Be25bS5VuY5R9DUwupB95Mj25rHe2/umkVrmD7rtU8zW6HvszWkeGf5XTHvVR7Fh80TfhUS6nIOJYwfwqxHqVueqFTQpRYWZHHdT27BWJ/Gny3BmIJqw9zaTR4Jye1UCV3EKeKtNEyuTBqkDCq4NPDU2QnYtIamHNVkbFWEekaxY7FFSJg0OnoKRdhijJp22o8lTUiv60Ag2kU4UAinDFIYx1yue4qOOX5tjdasDFRTwh1DLww6UAPFSryuDVaCbcNjjDDrVgAikNHc/DvxCbO+Ok3DfupTmInoreleqBlIGDxXzlveKRJI2KujBgR61674c146vpUUu796g2yDPevMxdNxfOtj1sHW5lyPc7GM4fbnr0qasW1uH+2RhicdK2siuJM7JCOMpUG4A1Z6iqzjmmEWPFYutjOnXQP/PM1plip9qydafbpt0xOB5ZqobiqfCzw89SPc05Dyai3fM31pwbANe9HY8CXxMqXp8yYD0FRhCBUv3pCTUgUGmZ2u7lQg1G9XmjFVp02igUloUZlytUW4Jq+7cHNUJeuaip3IgWbCPzLgHFdGi7VGKwtKOGLGtrz+OKqOxohk7lOSazpb+QttQVLOJbqbaoOKmit4rVcnDSfypkttsjt7eQsJJ269Fp9385CjoOtWYo3YF379KYIBuLE80epVrHL39u0F0R/C3IqoSRW9rUYLxEDtWJMMGvHxMOWo0d1J3hcYHNXLXU7i04RyV7g1RoFYF7HXaNrhm1G3WQ9G716rb/AHRXgtjJ5V7C47OK93sm3QRt6qD+lZzRvTdzSTpT81GnQU+oNxDRSE0UCudBRRRWJ3BTT3p1NNDEZmo/8e7Vyk/NdZqIzbtXKzDGaxluduFOP1Vdl23vVBG+atbW0/fAjvWQoIat47GktJF+M1YHSq0IyKsjig1WxHL92sw8SGtSTlazH4kpM0p/EPHSmEfNUnamk/NUnYamk5WXArpN52Cue0ZkE/zHqK6L5SBXBX+MlmdeSttZVFchcgids9zXb3GxVPSuO1Jl+0EitsK9bCexnuOaaThacTk1G5wK7jCWiZECN+TVqMqMMCMiqD5PSmB33YzQfOYmnKc7o0Lm5O1j3NZ8Imkk7nNT/ckUSDPtWvBqNrEqgW4BHeqvoc3s6t9CjPbtbBQ/DEZra8INbtqxE2A4X5Cax7+5+13BkGQvaqouBbuHjJ3juKI4aWIXKj1frscLBOerPS9V8SW9grRxYkl6cdq4e5ml1G4aWXqTnFZn28lixQt9asQ6hHn5wVr1cDl9HCrvI+fx+Z1sXK20exbSFV6ipdielNjmjlGUYGnkD1r0zzkiJgewFQNIy/w1ZJA700qrelAmiobkj+Gmm8cdFFWWt1POKryQMDwOKCHdEZ1Bx1QUv9oRtw8dRtCccioHh9KlqSBNdS6sls/IbafepVjjb7rAisUxMKA8idzU+1a3RXIuhtmzib72Kry2VuvORWeLmTGCxoMzHqaXtIvoHLLoPljRfummI3NQvLnikjbms/aK+hfI7F4NTw1QK2akzW6Zg0TKxFTpJiqYanh6dxJtGjHLVuNgw5rIR8Vainxig1U0XHjz0qLyyKkSTJqXAIoL0exVGRTwakaOoypFIY4Gl3Co+aXmgCC5BGJF4YVPa3IuFx/GOoproWGKpyRPC4kj4YdfegnZmowJFbXhPWf7E1hDKf8ARpiEkHp71g2l4lyu0/LIOoNSzD5SMZzUTgprlZtTqOMuZHv+yP5JozlTggjuKuCZfWvNfAXilpbf+yLyTMsQ/cs38Q9K7kkgdeteHVg6cuU96lUjVgpI0xOpOM1HJKN3Ws4Z6k1HM+1+M1HMaWSNAyA1yfjvVo7Dw7Im4eZN8igVrTXPkxlnOABkn0FeMeMNdk1nU2Ab9zGSqCunDU3UkcWNrKnCy3Zlpc7ie1SeaCOtZynaMU7zc8V7K2PD9oXVIAoMmOlVlfA61DNcheM09FuPmLbXW0VWluS9UHus1H52e9TzxJakyy7Eg81RlephJnvVWfh/asqs/d0Kpx11L9hd+VwVyK2orhJcAYzXOQDgVo2ww24nCjvWlNtxFJ2kbXllUyWCL61Qm1CKJiIE8x/7xqvLNLeuVBIjHQVoWFnGq5Kgmr3Gnczmlv7nkEgegqJhex8lmxXUCJAOFAqvPArdqXKVZnOGcygLL26Vn3SYf2roZtPRskDBrPns3KFSufQ1z16HOr9SqdVwduhinrQKVlKMVPUUgryrW0O69ySE7ZlPvXu+ltvsbc+sa/yrwiP/AFgr3TRj/wAS21/65L/Ks6htSNlBxTjSRjig1mdAhopCaKRJ0VFFFZHeFNNOprdDQBm6j/x7n6Vy8w4NdTqH/Hu30rmpByaxludmF2OT18MpVgM1z4eUt0xXVa8mYg1czkhq2hsXU+IswvICM1e3ZANUUJKfSrcZzGKo0iwduKzpP9ZV+XpWdIfnpM0g7SRMcgA1CWO7pU2cqKYQKhnaOiMwlXyvvGuiijvTECx7ViWZ2XKGun80kYxiuTEOzEyhJDdFGyDjHrXK3gdbhg9dpLOwGO1cpqjK0545qsM3cT2M4VFLUhPNRyV2nPP4WRYyKj24bPvUgPFSwwmRulM8apKMdWTXsQNwpXoVFH2fC1NJGxwx6AVD52OM1rCm5tJHDLH8t2iGQY+UVEqqv8JJqZjzxTozjrXv0qUacUkeBXryrzcpMjC5H3DinbEdcGOrIXdSmBj0bFaozSZQaIxNuiJX2qxBetjbJ+dOezkPWQGq8lo6deaYXa3LE+SMqarfaHQ9TRHNj5HqOVO9BPUk+3SDvUq6hkYYVnHik5rPnaLsaZuUaomkU1QJI70wyMOppe2sHs7lx5VFQPIp6CqxYk9acFY9BWM61zSNIcXHWkVXlbCA1ItnI7ICOCa2ltVt4wAoziuKriLaI66WHb1Zkf2e+MkjNMNuY+taknPWq7jIrnjWle5vKjG1iqvFSg5pjgA8UBsV6tGrzI82tT5WT4pvIpyHNSFM9K6TmGB6kV+etRFCO1M5FF2OxoRz4q5FOD1rFD1Mk+D1ouilJo3lIYdaXaD2rKiu8HrV2O6VhQaqSZP5YNNMeDTlkB5FOz7UFaEe2mNGCDkVPikIpgZNzbFG8yMkOOmKmtdS3kRXGFfpn1qzLHkdKz7m03cgUrdiHoaAllt7pJ4GKuhyrCvdfDN/b67o0F0p+cDbIueQ3pXzrDdXNm20/NH6Guv8J+Mf7K1BXDlYnOJYz/OuPFUlUjdbo7MHiPZys9me6PbLv2IATj8qhlsvm3MBU2nXkN3aLcQMsiSDIdTmq2u6nHpGlyXkxACg49zXlqN3Y9hzsr9Dz74ja2unWgsYJP38n38dhXkfzE7jzW1q91Lq1/Ne3D5ZznnsKw55cnZH2r2KFNU4eZ4GKqOrN9hrTAHFAcetQ+RIfmNNOVrXmZzcqLRc44qPyGlOcVD52KeLwqOKHKL3BRktgksnHOKrtAy9jVpb5+/Sp0lSZcMMGlyxlsVzSRkksh5pjtuAzWnPbAg4rNmjKGsakJRRrCSkWLbnFXWJbCDp3qnZcmtMRiOB3PU1vS+EyqfEP08CQMg6itiBSuK52zm8m6Vu2ea6bcOCO/NaouA/NRvzT88U080FkLCoZFAUnFWiuaidaLia0OdvNLllnaSJPlPtVQ6dMp5Q/lXZWt3PBGY4Y0YdTuGaztQvL2eU/ulUey4r57ESnGs4nr0aUHSUjn1s2XDHtXsuitjT7cekY/lXkkouGb569P0mfFlb8/wCs229wikmdTG3FOb1qrbS7lFWmPFSakJbmikfrRSA6aiiisjuCmt0NOprdDQIzr//AFDVzcgyTXS3v+pYVzb/AHjWMtzswxha0mbYn0rk3KhuWFdpqqB7Vx7Vw80SCTkmtaexrV3J0lUAgMDV6A7oqz4Y0B4FaMZwuKtjiNm6VmSH97WnLyKy5f8AWUi76osj7gppPNIrfuxTGPNQd6NjSFR7tAwGK6crGOwrktMfbcx811PG3Oa4sR8QMr3RRQcAVx2pkeeTiuvuNrKa5XV1QSZB5qsN8QnsZJPNRuTTmODUUhOK9A5Zv3WWIIBgM3SrDzRwpxiqCzMqYzxVaWVm71aR8niJTlN32LFxftJ8imkUkKM1XhUM2T1FTV6mDgrXPMxUnsP3mlVjmmUoOK9E4y3G1W4zmqEbVajag0iy3gGo3QHtT0bNPKg0GlrmTc23VgKqq+Pkatl0zWbdW/O4dafmZtFZ4s8ioWUqalWUrwaikkBNZya3CKlexGxNRgNKwVFLH2qyllcTqWWNto9q6LRf7LgjUSHbN33jpXmYjEqO2p6FDDOb10KGn+HZJMSXHyr1x3p2o3dnYgwQRqzdyRXQandxw6ZJLFIrcYBFcVZQfa7lnkJIHJNcKqSnrI7nTjTXLAb/AGjcg7lGAPartrq/nMI5+vrV3yYwhXYuR14rF1GBYJ8pwCMindMlqUTXlXjI6Gs+eZUBAOT6VYCzTWkRTuOaqG2IbnrQhSZXBZm3VIGyKsJb561qab4XuL6F54ifLUHk+tb0qyg9WYVKMprQyFbFWIpBUEsTQymNhyDzSKxFevCd1dHlzg07M0QquKieH0qOOUjHNWkkDDFa7kFMxEUwqRWiVBpphBocR2M/cVpy3DKatm39qQ2uaXKwGJfstW4tUU/eNVDa0gszRaQ0zYS9hk6MKmDo3RxWD9jcH5SaB58J6mndlc50BGRTTFkdKx47+ZOuaspqefvUx86JpbZXGCKoT6eVOUxn2rRW+ianebC38QoaTCy6Fvwt421XwrPsAM9qxGYnyePb3rZ8a+OBr6QKkbW9sgyY2PzM1cfdSBT8gDNnArVfwLfuQbi8iWR496qT19qwlQinzJGirz5eS+hzVzfNM21TtQVAsyp91STV6fSJrC48i8jMUoGdp7j1qWK1j6AAiqipPUyM0zTy8cgULayP1zW2lui/wipPLUdqvkvuFjFWwY9RUq2KjrWm4AqEimoJCaZVMECD5lzULFAfkGBV1owRzVd4lFVYiRF5nFVLsBlyBzVlqgl6VFRXi0OnuMsMBsGtK4lHlbQaykcI4IqcyZ61nRkuRI0qRalcVBuOa37ObzIF55Xg1z4kA6VdtbkRZPrW0WiE2mbwII60oQeprKXUFB7mrUN4khHUfWmac6LmMVE3Q1KCCM5qJyOmaCiOCcw3APUd81W1LUEkvC0SkRjipniDCsm/BiO1e9ePmFD31UPRwlZ8jgRzXHnS/LwB1rs9Lu/9GjGeiiuBLbRgda6XTbjZCgJ7VxwWhq5M77T7sMyqTW4GyK4KC7MUiNnjNdlaTiWIEHtUyVi4u5YeilNFSWdJRRRWR3BTTTqYelAFC9/1LVzTn5jXS33+pauYf71YyOvDFDUOYX+hrh5slz9a7u7GUYe1cRdqFlce9aUtjashkTYq7G2azY3A6mrccq+tasmDLMv3azJuHq+0ybeTWfPIrPxSLfQmXlKYThqdEfkpj+tSzvT0LtkT9oTFdaIWZB83auOtJNrhh2rq4LkyQAgGuLELW5QT2+yMktXIatjzeDmupu3kePABrk9SiYPk+tGG+ImXwmYTzUbmnN96mNXoHDJ6MjZsVAWUtzUzVCyA9K0gfP4t2lZFmEqFPFBk9qhhBUEYNNYnPGa9TDTShY8WvBuVyfeKUOKrDJp4rrU2cziWkkAqxHL71RXpUqGtEydjVjk96sKc1lxsR3q3HMe9UaxkXNoNRS2wcUolBpwc0i3ZmJeWDqS6jIqtaxETBmQkjoCK6POetM2KDuAGaxr0nOPusuk1CSbLMZ2xKQAMjpio50t2UtNEuPXoaUTqfvcYpbWxfUZd8uUgU8D1r5+rSnTfvo9uFSFRe6ZjxNJpU/lhtgbIz6Vl6bcLBK0bnar8Z9679oI/LEIUCPGMYrl9S8LTCQyWo3oeQO4qYVE9GKrTkneI7MSpvd0A7sDWHcub69CRAkfdFWYtC1CaQRhDn6112g+FksmE1wd0vUD0puSgtyVGVR2sV4/DQexizMyShaybzSbyyYll82MfxCvQmTaORUUNmL+7FuDgH71YKtK50OjG1jmvDvhyTVZUlkjZbXqWPf2ruJIIdOthDEoWJRgAVuwWcVhZLBGoCotc1qMwneSJT8vrSnJsqMVE4XxTYKl2biEZR+SR2rm8Yr0O8tnuYmhMeQRwa4S6t2trhonByDXs4CtzR5H0PFzCjyy50VwcVKkmOajIpK9OLPNZejmzVhWB71mK2DU6S471omK9jQHSnAVVSb1NTpIPWgtO5Jsz2o2D0qRCCKdtplWIwuKDGGHIqUKPSnDg4oHYptaKe1N+witAU7FAuVGb9ix3o+yMK0sUjAUD5EZDQsrsOrD5lBrp28Y2d0ImvI5IZ4VC4Cg5rAuW8uZHPTODVw2sbgNtUgjjipcbiW+gzVtQGu3gnjieOMLtBbvUcFv5S8nNT+TtGBwBR0601HlHbXUTFNIp/BpGXI4pjK7k1AxNWWhY9KiMDDrQQ0yq5aoirNVxo9ozUDyKtMzaKrKQearzdCKsvKpJ5qGQAjIrOe2g46MoEYapgxIFX4RbzRbHADAYzVWaIQSlQwI7GvPpStKx21I3jcaiEnmpwMUyJxj3qVULngV6EEktDjk9R0YyMitS2j+TzJSEQdzVSIRwDLsPpRJ5t6wwG2DooqxLcmutWVfkgG7HeqX2+4J6GtCKCG2X96iIffmmtfWobGxseoWk15lleLUpFOHTinXUqTw+YnLDqKtJJZzemfenNawY3IQKzq0lUg4sunOUJXRh20LTXKxhcs54rWaG4g+RomBXjgVNotqH1xFA4Xmu6NpHIvzICT7V4ji6baZ6iamro421uvMi2scMPWuz0G8EkABPI4rE1TR44sToMc84pukXBt7naTwTUtJoqLaZ3ykEUVBbyh4waKxNjrKKSisjvFpjdKdTT0pAZ99/qG+lcw33q6e//wCPdq5dvvVlLc68MV7oZjNcBrJZL1gCQPSvQZ+YzXGazAhucsPWrpbm1de6YKO2epq1GSaFjjU9KsxlVIAFbMwhe43B29KpyH95WtkHA21l3QCXRApGs3sWoD+6pslFv/q6JKk74v3USW5rpdOuwsQVlO31rmbc810um7DAM1zYjYtEt1eIq4RTXM6nI0hJxgV1M0SEEgdK5rVSACAuKjD/ABBJ+6zBb71NanN96rdpp0104wpC+td550mrFDy2kICoSfar9rosz/PL8id810NppqW5VflHqe5rVTTjIGQIzIelS6ljzqlOMndmFDokMkAMbITWPqmkS2zlxGQorvrLRXtlb5AcnIz2q1JpLTxsjhCp7VVLEOErnNWoRqQcVueR+X6Uu0iuw1LwbdQlpbfDr12iubliMUhSaMow6g17tGtTqq8WfP1aFSk/eRSp6vip/JRuhqNrcjpXQkzAmhcE81aUrjrWbsZakXfVoL2NEOPWp0OazY1buavxdKZcXcmpCKUUtI0IiOxq9ZagYGCSZKdM+lVSKQrUVacaseWaKp1JUpc0TpEZJVDowYGodRuRZ2MkmcMRtUe9Y9tdSWzZU5XuDT72f+0rqPgiCLkj1NeDiMDOlK62PYo4yNRW6lbEtklveh2LBh5gz2ruLeVLiFJkOVYZrFtNFvNQZYRbERScFmHGK6LSPCt/YR/Z5ZkaEfcNcU1zHVDQrXD4Wtrwraq0cly6/MTgGmSeFriUnM6gVvWNomn2awgg4HWlGNty7kF/5jx7Ilyz/LWSNNtLcMsgLS+5rUmuVZJPLI3KetZ7q8sqnpkdTQxMy54tuQke3Fcd4t00oyXaJhWHzH3r0eS3DbXA3dzWJr1tLfWEsTQlUAymBxmt8NUdOomjmxMOeDR5QRmmEVPJG0Uroy4IOKYRX0sbNXR80/ddmR0BsU4rmmlDTHoyQSVKk2KrAEUZIp8wrdjRjusHk1cjuEbjNYYYinLKQetPmKTaN8OPWnZzWKl268dasx3/AGNO5Sn3NMVIOlUo7tX71ZSRT3qilJE2KaRxTgRRSLKF5D5kJFSafN5lqFP3kODU0igjFZ9uTbX5Q9H4/GmZvRmrTHTcOKXPNLmkyynIsi8qaqNeTxtgitRjVeSON+GoRMl2KB1RkHIzUL6wegUVZk02JzkMRUR0pP71J83QleZSk1KR+MVWaaRz3rUOlgdDTf7OK1DjJ7sLrsZR8z3pMyD1rX+wmj7Kq9an2LfUOfyMnLnpnNPW1uGjMhyR71dkWNM4qSzu1OYpOB2rmr0/ZrmW5tRnzOxnW3zSYq40vljCDmmNCsF2R0XtQxUthfzroou8Loxqq0y1Z2RlcSzn5eoFa6OkYwmAB6VixySFcAk/jWjaxO4GRgetbrYUXd7FwbJBg4/KkaFCPuqR9KcsaRA8Emq0083IjizRc0ZDNp0THdGdje1QKksR2tSvdXiH5oRim/2krELLER70m11IaTN3wyobUmJHO3rXbog2iuK8LSJJqwCHIK13gHy9K8bG/wAQ9PC/AUruESwMhHBFclLE1tPn0PFdrKo2n3rA1O1yCwFcsWbs09JvQ9tz1FFYFlctallPQiihxGmewUUUVzHphTW6U6mt0pAUL7/UN9K5ZvvGupvv9Q30rl2++axludeF6kUoyhrkNZUhgfeuwk+4a5jVkyjcd6unudNT4TnD1qROtMkPzdKdGea3OSO5bXpWbff8fANXweKo3/VTQa1PhJbZvkp0mM1Hbfcp79alnZS+BD4jzXT6cF8ha5NWwa2dNuZWHlxoT6GsK8XKOhrzKKuzcmniRSKxru2N9wgwPWtuC0t4h5t7ICx/gFSNf27BooolAXtjmsqUHF3OOrjFtE5y2tNPtGy8ZnkHr0FaaLPfhRbW21R/dFWILmIs2IAB0OVq1aTSWJbyGGxjnaa6HI86U2zPPh3UZAf4DnqWrY03Sr2yT95d+YccLjgVOmrg/wCsjIPqDmrEeo2r8Fwp96i7ZDZTlmvoSd+MeoGaI72Yjhk/FcVoGWJjgSKfbNQy2lvKDsKo/qKBEBvLgKSfLxWPq1jDq1sxcRK46OKvHEkhtpgQ46YPUVnro5jkkw+Yn/hrSEnF3TInBTVmjhb/AEu901sspaPsw6VUjuz0Nd3e/ajarCsP7scEFaw7zw+t1GZbZGjkHVSMA16lDHNaTZ5VfALeBkpOr9anXaazJY5LSUpKpUjqKlhnr1KdeMzzJ05Q3NELU6VVilBqyprYUWTClqMGnA0jQfRSUUALin2832e4jl2BwrA7T3ptIaUkpKzHF8ruj1bTdfsb+xWeIqhAw0f901M+uW6ziNfm46ivJoLmW0lEkTkeo7EV22j3qX8W5AN5GCB2rwcXhJUneOx7OHxSqKz3Ott9QE4JCnHrSmfeT+VZ1q5SMxRqdxPOR0rS0u23sZJh8q+tcer0OpO5nWllNNdSwhMAnJY+lXo7URsVdcjsa1IipZioAGeKe0SmjlKSMGZBCckfJmorm5hto0z8wbHyHnitie2zuAHB9ay7q1AhIA5Xmk00TJHm3ifRjcXMl9apgE/dAxXIEMpIcEEV6zdLhjmuK8TWUSQm4VQGz+delg8a42hPY8rF4NSTnHc5oGlxmqyzds1ZjcEV7UJJnjyi0G3NHl1IADTttW4okg8vNL5JPapgvNWo0BXmjlRSTZn+T7UvkGrzRChUxSsiuVlHayVPDcshGasmIGo2te4FAWa2LsNwHFThqyowYziraS0GkZFysy+XDJIOoNXRKMVWuxuiJpjlsT+duAbPakM2Kqxv+5X6UjNmgnm0Jnn4qEyk0KhY1KkFAtWRhnPSly3ep/LUUbQKCrFfewo3tinPgGo2cAYoE9AM2KpzTFiRTnfJNQPQZN3ZG5zUYAbipDUJbaSa5cQrxN6LtIczSOy7znjAq/Z2nm5Z+Ix+tZ6nc4zV9XlmVUj6DsKrD/CKq/eNSNLeEYBFWFmiA+8Kz4dNlkwXJAq/Hp8UQGfmNdDCN+w/zUY4U5NBpChUYUAD2phDjqaksJCMc1n3FtHJkjrVxxuFR7KGS9S/4KtmGqySfwquK9BXpXLeEoPLjnlx944rqR0rw8U71Genh1aAjjK1nXMW4EYrSPSqsy5zXObs5u4tTv4orUmiBNFUQek0UlFcp6otNPSlpD0pAUL3/Ut9K5h/vmuovP8AUv8ASuWf75rKR14XqMfkVz+prkPxXQN0rFv0yx9KI7nVP4TkJQd5pEznpTLy4MVw6471WF21dR5/Oos1ByKpXzLwM81CbhyOtQSMzkEnNFipVrqxetj8tSN1qC2fitXT9Km1GXOQkQ6seKzZ6FOajSTZDa2jTuD/AAjrXSWMIVdsW3jr61bgl03S4/JgQTSgcnrUJhuruf7RBB5bN1xxWbZwVcQ56dB66fCZvMkZmPpmrkOnmSXfFCFz1Y0W+mXIYNLMB9BmtJknWMLHNgj1FS2czEj0uJQDKxc+gGKnWzt14EYrLubi7tiPOchT0cdKcs9wygiUkHpS1EaZtYcf6tap3emxXVvJGqhWI4PpVOa/lhUkzjI6jFRDUyYDMZztHcLTswLOmRw28Itpo8TLwS/f6VLPL5btmH5fUGqjE3ChnlZg3I4pl1JPaWqywtvVSA4fniiwEskNrPIrkyRyAcMDR9jmj/ePctLH6qBxVtIzLGJAiyAjPy1Itz5CbVtJSPQDimIjjskmi3RXTEH1FMk024Awjo49DxWek93bao8/2Z47dx90nvW1DqEE2F3FW9G4oEczq+gi6jImtyG7MBXAahYTabOQRlfWvbiwPcGsfV9FtdRhZXQBj3ArejXlBnNWw8Zo8mhn5BBrRimyKqazpj6RfNHk7ahgmzg5r3sNiVJWZ4lahKD0NpGGOtSVRhmzxVtWytdpjGRIDS5pmaM0rF3JAaCwHU1GpLsFQbmPGK67RvCSzIlxfEnuErmxGLp0Pi3Oihhqlf4VocusU0vEUTvn+6M1bsJ9R0O9S6+zShP4lZTgivSY7OG3jCxRKgHoKiniWVcMoI968epmkp+646HrQyyMNb6lrTdTh1C0S4gClGHzY6g+hrTS4Cx+WkeR7muNtU/snUDJHkQycSIOn1rqYpVdAykEHoRXIp3OjkcdzQhI3EgYGOlW1ORWfE9WY5OcVZSJHWqU8YORV/ORVWYc0mDOW1K32OSOlcb4nj3ab0/i5r0bUIQ8R+lcXqMCyxSQvRSfLNNnPWV4tI8ueLHSnR7lqzdR+VOyjoDVYuBX0ULWufOTvdotRyY61ZR1YVmCWpUlwetbqfQzs0aSgVKtUo5s96tLJkVY4sloxSA5p4xSNBFWp1CkVGBxUiUDGSW4bkVCYGFXhSYzRcOVFDY49aa7sUINaBQelQSxDBIFAmiih/dAVKi5qIHYhJ7GmgXjp5sdtK0fZghxQQi+u1RTtwqqglUlZVZGHVWGCKmH1plpjmaoy1OYE1EymgGMkaoDUrg1EykjrTRkyFhzUT1K45wDUDq2etJiiNaqz/eqdg1RpbyzSbVXJNYVU2tDaGgibmcCunsRBBCo4LYyTVW10QRqJJ2yfQVNLdWtr8qxMx96unDljqU97svtcKBhaZ5rHsax5NUuH4hi2j2FVmkv3OSXqmxcx0W896Y8i+orn/NuxwxanD7RJ3alzA5Gw0sY/iFERNzKsUXJY4z6VkfZ5P4mNb+gIqyE45GK569ZwjexrRjzysdjpdutrapGv41prVG1zsGavCvFk23dnqJWVhTUEg61OaiekMpSgZoomIzRTEegUUUVzHphSN0paQ9DQBQvf9Q30rln++a6q7/1LfSuVk++frWMtzrwwx+lZl0uXH1rSbpVCcZYUonVPY43WbEi7ZhwDWYlsM8mum19NrK3Y1z+eTiuuLujzJ25g8hQKa0a7gAuSe1Sxh5HEaAlm4AFdMdMXRNNF3Oge7f7iHtSlJITaRU0bwvc3gE037mH3HJreTQoowRJM4iHbdgVVi1TUtTVorWSJDGudmeTVSTTdUuIVlnkkfd/ArVi7sTqyat0LwurPRWD7Irrc2MryVrWi8QWc0Y2Ryn2CGszRvDk8NwLu7CooHyx9c/WtOYCG5O1cKvpUO2xCbe5JBrtnNOINssch6Bk61e8+E9X2/UYqnc6aupxqy/u50wYpQOh96ovrdzaTmwvbBZ7s8IUPD+9KwzcZYp0KtiRG6j2rCZH0vUVtjua1l5jPdT6VPDo2pzP58t19mzyI05xVmezvRAUNxHKwBwW4INCAp3VpFcRMjBUc/x45qk9hJa2brCPPJOcYxUavrFj5UM8QdN/zTgbsCt1kkngWTTzFKe+44qrgc7qMV20cDhHRAAOCeD+Fa1oLkRBLiNChXGQc5FWY7fVT96K3/76NPMF+o+e3Rv9xqTYFSB201xGcm1Y/Kc/crbjk3KCDkH0rHeaPa0c8bxg8EOODTrG6FpMtvI+6J+I37fSgRrSosqFXXKntWHd2ptJAfv27HAz1U1vsMcCoZoVmjZGGVYYNCYjGRpYuYZTj+63IqyuoFRieIr7ryKq26yfvYCR5kZIBP6Vkve31rfMs8THI+4ORVWETeKNPttWsDLE6edGMgdCa8ykVreQqeMGvVIXgv7cSSW+zJxzXJeJNLQXTfZ05CbiK6qE+XQ5MRS5lcwYZjwc1oQzZwCaw1JRyD2q5FKc5zXuUK99GeLVp8rujbU5FRTyCJeTg1WW9EURY84rHudQkmlLt09K0q1lBabihHnPRPB9lFcT+fMucH5TXo8a7QB1rzLwJqSTJ5BOHByK9OiIaMEV8riJSlUbkfW4eMFSXKPOMVA6A1NTWrE2Mu6t96sCKgsL1rGbyJSTG3QntWq6BhWddWodSMc+tNOxMo3R0ELhgGBBBq0rYauSsb+WwcRyZeL17iuohlS4hWSNgynvXRCVzCUWi6GqOVgeKaJOducGmOuTya0JK065GDXHaxFsmPoa7GducDmuZ1lMluORUrcxqbHlOqJtu5PrWaU5re16IJdkjvzWPivoaGsEfO1/dqMg2U5VxUmKXFbKJlcRSQasxSkdagApw4NaIhl5XqZWqiJQKnil3VRSkXA3FODHNRBqeKRomShzTt5qPNOFIq47fTXfIxTwBmhlGKBmXIcl1wCR82D3r1RZILzRdP8A7NlUwso+RMcHHPFeW3gMeJEOGFLZ3EgYTWlxJAynlVaiSMlozoPHH2ZdTt4rWXzLgJ+/bqc9s1jWqNty55pI1RGaRmMjsclm6mpPPQDAOKEiut2SFQKY6imNOvY1E849aYNpCsoqB8dqa9xzUJlyapGcpIGIDU1mHXFIWFRM1DISuHMkgVRyTXQ2UMVpGuRlu5rK02HBMxHParrmRqVjaOhoSXcYHJqjLcIx4iUn6VGISx5qxFbgYzQVqyFI5JT0Cj2qYwCJM/MT6Zq2AFHFMbmkPlMw3sSsVdDx60ovLcjgYqS7sklBYDmsh4GRsVMm1sRsaRnibgGtXQ+Zziuct4mL89q6LQgVYk+tefiqnMuU7MNHW7O1thhRVsVUteUFXAK8w9AWopeKmqGYcUDM6c/NxRTZzh6KZB6LS0YormPUCmnpS0hoEU7r/VP9K5ST/WN9a6u6/wBU30rlJf8AWN9ayludeF3ZGx+WqUoy1XH6VUPL4pI657GL4ji/0RWHauVFdn4hQnTGI7Vx+l2z32pwQdmYZFbwfunlTfvHYeHtNjsLP+0bhN0rf6tTWokJmuPtV4QVKkEN0UU29ubeGdY5JESCAAYJ6mq/9sW16Gt1tbmSN/lZwmABWTbbuSZ8cmh2uqNPZxSN5QJaXdgAmrt5PbPcLp/my2xmG+OUN94moNT0+3GiSWmlwlZM5cN941lXtxHcwWtvcq8VxbqPn65p7i8jqdG0250pp2ub1rhXGFDNnFRXmotLffZLOISNIQHf+7WSdUvrpVS3tZWAXbuIxVjRrTUY45XliKOzZBPWpaA2x4dtUBaW+vG43ELLgCqvg+0gM97egM2JCkZc5OPrUVz9vgt5pXfKhDlQfasPQPElzp0SW3kAxNITvJxjmlZtOw76noOoTvGsaIcPKcbs9BVcW6uxMSKSg+Ys3WkmdNRt0aJkaWM7lAPB9qhSViZDLaTRy9Nqjg/jUoAjzBsmjGFL7XQnINX7nSYpkeS3Jt58ZDJwM/SmRWf2po5JYzEqc7M8k1B4g1uPTLUW0BD3k/yxoOoJ4oDoZ2ia7c3AlS9iDGFyhkTofrXQo8cy5RgRXLaONS8PW0sF5pbXCO5dpIjkjPqKvR6zpE74hu/ssx/gmBXn3ptAbboGXDKHX0YZrMudIimR1hJjD9UP3T7+1S2upxSSiEzROx6FHBBrSABGQDmlqgOZfXLbRAtnqF1ulUcEDt2rQsdX0/UBi2uUZv7uea4fx9ZSQ60lw2fLkUYanp4fto4o5LW5mSfaGD44zWvIrXM76nUzkR67IB0dA1VrywTzJL7z5FKLuKdR9BWTYanN9rEV6pN3GuAT/wAtF9RWwuq2En7tpthbgrIpFFmguYYvJJZoFhuQFPVGGKuzQhtQjY4O6LaRUl/osNy8TwbUQDDYPbsRSvEIWt1BzsO3carToTbucP4i0U2s5uIV+Q9axYmxjNematZrNbyRkZyOK8zmiaG5ZD2Nd+HqXVjzcVTSd+gTSfw1VkTuBU0vUGhUL8YrpkuY5E1E0PCt09trkGDhWbBFe7WUn7oCvA9MjMWpwOAeHFe4abOskKkHtXl42NpJnu5dLmg0axNJmmlhikzXEegDCoXXK9KmzTWGRQMy5ock5qO3u59OlLRkmM/eTt+FaMsQYVTKAkqwqk7bCaTN2Oa2vbZZonJx6HoaBIx4Y8djXNhZ7CUyW7fI33l7Gr8l611ZFLNCZoxuOa2U7nNODjqXnkUZ46VkXyM0M078KeM+lO+2S3NmN1nKHIxvQ5FND3SaLMLmLJQHYO5FUtznm9DzvxN9m3xrb8kD5m9a5skA1d1Kd5JX8xSr5zgis3BJr38N/DR8/iVeo2SFgKN4pojJ608R46mupXOfQA1OG49BTlUCpVIFWkTdDUiYj0pyZWTGakDVHu/eE1VhF1DwKkBqqsoxUgkGOtBqpIshqlBqmJl9akFynrSK5kWs1DNOEB5qGS5CiqDySTMcA4osS59EE8xkJHaqo3wyb0ODVxICOWGKtWemPqN5HbRjLMecdqmo1GPMxQ5pSsiO3uUuF2k7X9Oxp0sDds10jeBWgmRGO4MfvDjFU7/SrjSpdpYTQ9mHUfWualjac5ctzpnhaiV2c629euaiLn1rcKKRyoqB4IW6qK7Dm5DGZzUbSkVqvZQEcZFVZNPHOH4qZJvYEktzNe4bnmprRXnfuRmleyIbqK09Ltwp3Y+72rOMJ812W3G1kX4ofLjVR2qTFPIwKbjNbDSFUc1MoxTVFSUihDTe9ONMJxQAhqpNErHOOalklA4qrJOAeuamTQnYVIgoNaujjGB71nJHKYhIY22HuBmtLS0ZJlxgqe4rxqzvJnoUlZI7K0GEFWxVa2+6BVrFcrOkKjlHFS1HL0NAzHuP9YaKWdN8hoqiD0fNJmiiuU9MKQ0tNJpAVLr/AFTVyk3EjfWuruv9U30rkpz+9b61nLc68LuyJzxVUH94Knc8VXXmUUI6p7EWsJv06QegzXMeFdseuCWQgKikkmuwvI91tIvqteemVraadV4ZuDWsNVY8qppI7EJZSa+091hoZRmLdypNdMI98eyEIAeyjFcpa2z6noSxAATRANHV+x1YwlY75GtJkX+Lo30rKSEiTVNE1KZlaC4SMgYyOCfrSW2mrAqNebZ7kDGccVefU1nizGxYEcGsm4vnRjGn3j3rJzex0Qo31ZZuLzyht85Yx6LVFrt3z/pEh/GoXiQLvlOaoS3rg4hi496SbZtyRS2ND99NmNZSQ3GG6GqzQy2SeTJCGjznHUVVju78ngR49xWxb6qXhEV7aHH95Ku7Rm4xZlW800eoq1k3kqRyGPGa3hrOsWbAzW3nRf3ojVGW2hkHmWoB9u9LZalNavh8gd1NLmuJ09Ddj8Q3dyuILGUMejSDAFVtU0e2k0uW63/6cn7zzAc4I7VoW8kd4ocSZh7qOuaTVY0tdEu5F2omwgA9TTRzyViGx1SbUNNt7i3DJK4AcnpkdT71daK3nUG5ghmfGCWQc1gaQrQaFaq93k4LhEGdo96t2Gs2N1dG0FyqzYO1m4GfSqs+gvUrXvh2xlm820320o5AQ8A1DFqmuW95FaSzQBBwHcfe/GoNE1KWDWtRa9lJijU5yeuOlVrS/utZuJ2eFXtjwi5AKntV2ezIurnQa9Auu6e9o0R+0RrvVwPlPsK5XRNRZIXsLl2WZDtQV01lNcGB7Rm8q5UfKeuRWf4j8LvdINQ09gblRmQJ3PtTi1sJrqU9dh3QrdRyMJ7fBDYxiun0i7h1vRYppokkOMMGGea80u9Z1NrU2dwxC5wwK4JrtvAiSJoshcEBpMpnuKqcbRJUrsv3GnvYjzbRmaActEecfSq8xWe1MidRzW8WxWLf25tZjLEMQy8MvoaiLHYfMglgVvVa831+0MWoyEDqc16RaESWCHOeork/EluPtvIx8oNdFCfLIwrw5onHCFpMcVr6VpourlYmOB3qADYOBx606G5ltrhHRsDODXU68uhxxoxTuz0GLRbG0gVoYgXHUmtDT5/KlMRPTmqOk3S3FuqltxYVQmumg1x4wemOK46qc1qehh5KnLTY7kSblBqRWyKzLK5EsQq8o461w2toepvsTg0E1CX29acGBHBpisK/IqCaAyLlOtJLP5Z5xio/t+xDjFA0imboRv5Mg57U9L5LOWNweXOxh6g1iazd5kSUcEdcVmpfme+tAzfJ5q7j7ZraMWRUsk7no+ms1voqk8NkkA+9Y+o6hlHDqwypPWtfzLZ7IyySqqdFz0rmtUiupytt8jSIch17pWy3R5s3ocNqchkgd5EXG/5WxzWDmtfW2cKYuAquelYoNe/htIHgYjWY/NLmmA04HNdSOdoeDTs0ylxVokeGqIyAOafg9qh8lixJNJt9BxS6kvmCjefWhIQByc1Kqr/dpi06EfzH1qSO3lZvSpRnsKUtIRinYZYWONF/eMCabJdRqMIBVcxnG52wB3NVHuArYj/Os6lWNJXka06c6jtFGpbQSXsyqXWNCeXY4AFd5pTeHtBiH+mxvN1Zs9a8taV5eGc49AaAitxnJrxsRWnXdo7Hr0KMKKu9z1XUPHGkGHZFKDJnhscCuYuNWtLy9ZpbxRE/3iK5eO3Rl+YgUsVrAlwDIw2d65lQmvss3dSL6o1r+/003app5cRdDu9agkfHOayp1RZCY+R2qa3us4jfr2Jr1sHVlbkmjy8VCKfNFk7zGommNLIMGq7Gu84Nxwy7Ctq1QRQgY5rDjkYSqscZkfP3VGa6O1stSuYww0+cD2FYyxFKDtKR0UqFSWsY3G7s04CnSWlzB/rbeVP95cU1TVxqQn8LuVKEofErEgp2aaOaXFUICaglfFSscCqF1MFBobsiW7ENxOF71UhcyzheuarvIZXq9pkDPeJx0rmqS0bCGskjpLAuqKingVoxonmgooHrgdaqR4jTavfqau23UV5End3PWStobloMgVdI4qpZ/dFXSOKyNBlMcZBp9DD5aBmO/wDrmFFJc5jnJxwaKZJ6JRSUVzHpBTTS0hpAVbn/AFTfSuSn5lb611tz/qmrkpxiVvrWb3OrDPVlaTpVeLmYVPL0qGIfvxQdU9i1MuRXnurW+zVHQfxHivRJRxXFeIR5OqRSkcZB/WtIPU8yqtLnRaJG0Nplcg4xVO50+bUdSW4lcPEvbPIq5PefZ7W28gcT4GfTNXFhjtI2jUguwyW9ahu1xxV2isXAG1eAOOKrrFulJxmgFtvPXNSQZMu08E+tctzvWw2aPMeD0rKnQgEqOK6CW2cryOKz2gBYimmJmIuofZjt+zbz71aj1r5fmscD2ouFWOXjHHcirdqySpgTR7vQmtNDNXuJDqVnNgBjC/o3FXp7EXMIYAFuzDoarTaYso3NEj+pUVJbpPYYMTM8I5MbdRUtoav1Ira+l0u4XeTgnBFadxMbmKWWVjNbN91B0FU9VgW8jjmgAz/EPSqtncvZna/KHqvammZzhc0I9Pvbm1EWn3UECkYZQOfpWLdeGrHSJxLqmphpC2QkPLE1v217BazBvLwGOcqM1Ha+HrGXXf7TuLvzo94ZY27GtVKxyTjci/svRlaeV5nnPl7zCPvD61nWmh6Pq0hFhqckMgP+qYYNWrO3vP8AhPpZ44HMBYhjt+UrWlc+ErF9WTULe4e32vuKKM55qr2JGXdsbFYijtJJAmdzDlvrU3hSSeXTpbqR/wDWSsQPSrOsSqum3UqgDCEAnrzUug2X2LRrdT/Gu4/U1Lfuj6he6Pp9+wa4tkZ/UDFZFnqBtLlIwoW1J8vaP4DnrXSngiuUESNPeRMBgysM0Qd9xM6bIIqC5Cm1k8z7u0k1Q0i8MivaTH9/F6/xD1q1qWfsEyg8lcUJWYjnNLvbu1X9/CTaSMQknpzVbxAVlvGGcgJXQSGD7ElkzgM0eQvvXKO7yTSNKMkfKa2hvcynsYCqwUg9M8VK1uWt3yOQMilb95dFFGOeBV2D5y6HqFxW5hYv+Gbs7VGeRV3UzHHqy3Cn5j1HrXN6VMbaaTOcAngVptcR3k29ywOMDPGKVik9DodN1HMmCQMmunhmyorzu6tjp0Ed3FdrKoIyg611+nz/ALmB+dsqgjPauarDqj0MNWv7jNGeRqhS4PQnmrckYdaw7wG21KDJ+STg/WudHYW7gs69aqCXcTHn5q0jFlKw7r/RdWiYn5ZBg/WqWoEd/CZEYYrDhjJuYIznJkA/WupnA2lvasPT9k/iK1TaWUSFmA6jFbUzGtornRzyTm2Nk0RCgjDe1LLqFvpdk0ssu6Vl2jd2q/fKtwjSmTZt+7xXlWvalNe6jIHfKocAA8V14ah7WVnseNia3s43IdSvPtTELyCxNZ4U5pwNPAr34QUFZHhzm5O7GhaeFFFLWqMrigU4LTRUiIznimIUKKeIsnpU0dvwM1YVFXjFMtQKwgHpTxEMdKscUNtRdzEBfU0jRRREIx6VFc3MFomXI3dlqpe6wqgx23J/vVisZJmy5JPvWFSslpEuMO5Ld38lyxxwvYCmIsrnAzVi2si5GRWzbWKpgkCslQ9o71Cva8ukDKhspWIznFa8OnqDgjtVvYqjgU7fgZrohShD4URKUpfEyMWCY5Apps4VPIBpHuTkgA1DvLHvWhFkiwIYQeFX8qhuLOOZSRgEdxTCSMEnFamjaU+pzhnBWBT8x9azq1I0480jSlTlVlyxWplW2nXl0/lxxNIexA4ratPBFzKQ13KsS+g5Ndta2qwxhLeMInbirIgPVmrwK+aTk7Q2PfoZTTgrz1Zk6XoNjpqhbeEM/eRhya3oYgi5PWmooUcU8HnrXlTm5u8j1IwjBWiiUhWXDKGHowzWTf8AhzT71Swj8l/VOK1BzT+lVCpKDvFinThNWkjznVNIvdKYsU86H+8g5H4VQiuIpuEYbu6nrXqDosnysAQa888faSliqX1svlknkrxXrYXM6l1Gep5OLy6CTnDQoXEgjQ54rBuJWnmEanljimi/lntlV+o7+tWLGBGRpZoyGRsgk4BGK9lz5loeE9x0Nn5UUkc67ZA2VPrWhpqES5HQDrVCS7kvZVDAALxkVsWyiOMAVy4iXLGyN8PFOVzSTsKvW45FUITuAq/B1FecegjbtDwK0MfLWZaE8VqLytQWiIkA0rAn5enGajmO1hiku5hLLEI+N+FxSAozhwwWWIrkZU46iijxXr9vZvBEpDGNdmR+tFPlJbO7pM0UVzHpBSE0U0mkBBcf6pq5K5P71/rXWXH+qb6Vx9yf3z/Woe51YbchkPFQRH9+Klk+7UEHNwKDqnsX5Olcn4rQfZ0fvmusf7tc74mgMumEgdDVR0Z59RXiLpF2tzo0LHDNAeR6CtWDULO9BCON4GOa4PQdSbTrrbICYW+VvpW3fWcMJN5DIyo/Ksh4olDoZQn1OqtbaOVtpwWU9KdfacJTlfkI6Edq5XSdYmi+d5Syg8SV0o1pJ4eQd3qK55QcWdkJ82qKqNcwyiOScOv0pk7KrnkGo57lCcjNUJriNDnJqEjVtFO8hklnxk7amg0tZE+Uc+pNN07Ube81aOFwQhO0sa6TUNGa2QvAdy9citHdaGacW9DHWyvLYBkLqPXrVuHVGXCXsYI6b1FFneyqdhJI7qa0HtYb63JjG1u61DZpYYUQOkkTB4364qnrFj5Sh1HykZqvE0ml3QDjMfQg10l41rd6WHibqMYPapvZhurHF2t/frKBbFGPTY4zmtu01eHPl3+lyxyj+JVJWsVUa3uM9wflrs9HvzqNoGTZvX5WyOhre90cUotMz28VWcX7tRMBnH3CBVr7c0i7ljYbh1bgVo3/AIfGqW5iuHVVzkFEGR+Nc1d2D6PrVnb6lqLS2UpwrFsbT/te1NWexm7rclv5PtskGmB1/fHdIU54FdQp2wpGiFUjGBmuf8NJZp4h1RoTGyggRtuzx7V1MjDaRgUp9hLUpvXKK4+33h9JSK6m7mW1s5bhuiKTXFx3Bhtpb64XKyNvIHXmqpoT3LU8LyOk0DbJ05RvX2qYazDd2ksNx+5uVHKnv9Ky7fVIpLyXzJsQHAjB96n1GCCaAyTL+8QZVx1rSxNyS9JS7hbgkAc1jXSzxTSzBcwl/wAq15FNxHayrkhlHNRyIJLKdcdc1UdCZK6OfjhX7crjuc06IgalMo4zSWJ33P8AuVXaby79n9Sa1MGU2k2XrqDzmtqwIacQv8smM8isKBgdSMxAYBs4NdddpbSXEVzGAr7RgLTZMe5INNSddjyFlznArbikAsY1UYEfArGsbny42Lg1ekuvJxAqbiRk89KzlqjaLs7mzDfZRRmqOtvm3jl7xuGqsk6w/Kx5FVNV1aFrJ4ypJrmUdT1edct2dFHdA26MDwRWFrc2Qkn9xgc0aRdrcaegYk4GOtV9ZliNnIAQG7ChKzsNtctzQedZrUMp6iq/hZFj16eZl3bYzisW31hbaz2Pye1dV4TtHGmXF9KuHmOEz6VtTi0zlxNROGhb1y78nw3PdOQrAED3Oa8eLl2Zj1JzXYeOdXLeVpUbApEMvjua4xa9zBw5Y37nzeKnzSsTL0p4pi9KeK7jhY6gUgqRVyatEDooy5q/DEEX3qGIBKmEmelBrFJbkh4pMn8Kgmu4oFzI4HsOtY91q0k2Ui+RamdSMNzRJvY1bnUIrcHnc3YCsS6vZbliC2F9KrbWY5JyakWBjXLKpOpoti1FR3GouTVuKIUiWr1aS3mH8P5VpSptO7RnOV9i1bgCryMazohMnVKvREkfMMV0mcSYmkzkUuOM0iZPakaDVQZPy80xyFySKtAetVZyqg8cmmJkmlWMmralHbqDsB3OfQV6lpenwW0AjRAFHArn/BumG2sGuXXEkx7+ldaCIYS7dhXzGZYp1KrhF6I+nyzDKlSUmtWNdFXIFRLAZD1wop8TGVdx71MqgLgV5lj07lcQ7evSomHzcVakOeBTFhzyaBDFbFPJ3Dg0SIFHFRRk7mHamIkQZNc547RH8Mzb+qMpX866TzFiUk1wHjrVlltBZo+WZ8nHpXRhYuVVWOXFyUaMrnn+CRha0jfNJbiN423YwSBVWKNuw/SrivhNjMF98V9VGLSPkXK7EgjBA28YrbtfnjAPUVnQiLaAsiE/WtC3PlMGI46cVnXpc8dNzfDz5XqakCYq5EMGmQx7kDryDU6oQeRXktW0PSvfY0bVq1YzlBWJC2yteA5jU1mykJOCOarXEUMkYeQlAozuBxirkgyvvXC+LfEAjQ2FrINx/wBaw7e1CVwk7IwNev0v74iHIhjyFyevvRWWmCKK2S0ORybZ9J0UlFcB7gUlFNNICGf/AFbfSuPuv9e/1rsZv9U30rjbr/j4f61D3OnDbld+lQwf8fAqZ+lQw/8AHwKEdc9i+/Ss7UYvOspUx2rSeq0y7lYeopnC9jy+UeXIy+hqzDq08Vs9sx3wtwAe1Raimy+kX3qrXUkmtTgbcWzXtJz9g8pXGck4NV/tl1Ef3chXHvVW3Pz06ZwrUuVXNFL3b3Ne212VRtuYxJ7g1oQ6hp9ywRoyhPrXJiTLVoQBWwHFZypR6GtOq2dOukwAh4QVzzkV0mn3rqgt7k7lxgE1xlpe3OnDI/fW57dxW5BqdpeqPKkCv3VuormqJm9OSLGpWQtp/MTo3NJZ3RRww7dammuvPtlhcAsvRqz0Gx65zrS0NLV4YrmyEqgAn0qlZStEBFIevSpy+62A96ZeRBY45R2xSKSKuqwrFKHGOa0vDJjj8/HBPzGs7WG8yzjYdc1hXE1xbxMEfG5ccVtT1jY5K+kjt7zXL/UZjY6GAxHEk5HC/jRF4Kt5l83VLie6mPXLcfhWj4as1stFt0jYAsu5yB1NObVp5ZpYLOFX8rrJI2Fq79Ec1l1M6XwTpqDNpLPbSf3leqZudS8NXMcWoSG709ztWbuh962W1W9gRXuraNo2bGYWzj61cuLeDUbFopFDRSrxRdrcTXYqXyx3mmyqGzG65BHcVyOp3ENpYjzYS8Tfuwq9vem2V9q0F3NoVsobymPztyQtWby4NpYyO8SSFf4W557VpFWIbuYENvYRvFLJORGp3EEdT2rXndblYY0JKSsAPpWMbsTPFFeQoVJwxAwRW9psSnUIlVT5cKZFW2QiYTx2FrLbOQGj4UH3qs3yWRz1IzS+JIY3MM/SQEA0lx/qR6baa7gzBsBgTv8AWsm7kxkjqa1ldYbOUgjJJrAuiWya2W5zzehNp675Bmt5jnbt6isHTyVZW9K1zcce9DFDY1dJhM14zSE+XGNxHYmo/MeTVjIxPzP09q1/D9tmzJbq/Jqp5O7Uzj7oPNZ3NUhbw/Z5dzjCsOKxNRl+0IViUsT2FdTJp51bdbsuzByr1JofhmWy1IzSsCgGATzmo0Tube0bXKcdaz3EMAjiSTfnoBUjaZrd3IubWZiegxXpPlMbxglrHDCg5kdBlvpT01OMyhYMnaeuKTnYd3ax55pHhi9v9YjtrqJ4Y0OZGYdK9D3KiNaxLiKEfwjsKsPqVvMrLdl4SRgFRyaz5rgw6NdmEAMI2w2OTWkXdoynomeQ6vcC61e6kAOC5xVZBTSS0rs33ixzT1Fe/RVoo+fqu8mPFPFIKeBXQc7Y5VzVhEqDzUiGWqvJeySfKnyrTckioxvqXpJ0iHzMPoKpTXksmREpUU2KHcctkmr0UYUcChqUkVdIx2gkkbLkk+9PSzya2jGGGCoP4VG1mjdyp9qhUEtdx88iitnirCWuAOad9nnj/wBW24eho81kOJEKn1FaxikQ7vceIcVKOKi81jypDCjzl/iUrVEqyLS5P8RqRY3zwwNVUIf7kuPrUoa5X7u1xSLTLQDDr0pUbGarfa3HDx4PrTftG7JoKuiw8wFSaXZPql+keP3YOWNZckxK4Fdt4St/KtfMZcEmuLHV3RpNrdnbl9BV6tnsjsrKFY4kRRgKMCkvm3OsC9+v0qSORIoC5PQZqpBuldpm7nivlG7n1iSWhejAVQB0FFxN5UeFHztwoqPzQgyemKjtW+0SNOeg4WkBMFwAG696WSURoB/EelRTyeSu4nvzVPT5TfXskxP7uL5V9zQBefO35utU5ZhHnFTX0yiM4Nefa94paOVra1/1nQt6VrRoyqy5YmVatClHmka2v+JBaRGNDmU8AVw4imvbgzztyegqEO8kvmSMXcnkmr0W7ivpsJgo0Fd7nzGMx0sRKy2JY4FUcCnNCjjDAEe9OUEinhPWuxnKkjNuNJSQboWKmsyU39gedwUd66Zm2CoWkR1KyLlT1FRKF9txppEWg+KjFMsN1zGxxn0rvURJEV1OVYZB9RXl97pSZMtqeOu30r0PwzI7+HrUycsMj9a8rE05R1Z20J30NDydxwOtacIKRKD1FV4tpPvUeo6jFp1q00hBP8K/3jXG2daK/iDWI9K0923Dz3BEYryK4mMkzOx3MxyTXR3q3Gr3LTXEpJboo7CqZ8PL23VUWjKpGTMhSSOtFav9hsOAxoq+dGXs5H0FRRSVxHtC000p6Uw0gI5f9WfpXG3n/Hy/1rspv9W30rjLv/j5k+tQ9zpw3xFdulRwf68U9ulNt/8AXihHXNe6y+elQvVhuBVd+gqjhueea6nl6lJ7mso10fiqDy7lZAODXNlgO9dEdjgq6SYqtsOagmkJeleT0qEkk1Zi29iRWO4VqRt+5rHX74rWi5h4pSNqD1aNS0nPlCpntIJvmdSjdmWqtgP3Rz61fjk3cY6VhI6ki3p0TwblM7SL1G7tV+X7+R3FZHmyC5ht7ddzscsfateRdqjPXFcdVanbh5XVh+7/AEc1dYedYEe1ZiH5GFaVqd1tj2rFnQZ1x+800+q1kXeGtR/exWyBmCeP0zWDOSRtFb0jkxK6noXhu4TUNAjKNtcLsPscVThFzHbLFMqERy4ITO/GaxfA2orbXc1hKxHm/MmehNdpdacJ5RPDKYpx36g1b0ZybozzLGtxi3XbFtIYyg4/CrmjhhpqBznDHGPSmnT72ZSk93F5JOWCJyasXVxbaZYl3YJHGuAM96QHESx6gfGN7NpoVmUYZT0NWcl0PnopOfmXqAa0PDUTsJ790Ia4lLDP93tWZrdhNpt8+pWjFo3b99E3Qc9RWqld2M7WRUbTYhJM8uGEjBlHpV/SVGZpu5O2qU9wDFvU5G3INX9PUxWKcct81UyTO1+XLRp7ZqK7n26SZAeduKr6pKJ9Qk5GF+UVnXd6f7PFqw+ZT19RVpbEN7mbFM21lOcZzUJQPk1Ig+Qseh71ofY/L0vzNvJrW9jBq42O0C2azLz60WyGacA9KZZXMvkNbKAVPNaGmQg3QHc0m9Bo67RJFEYjyARxiqGrQSwzu0TbWNXYdOlUiRcqRzSXX2iTcJ0BUj5WrI2sUNMmuZLWS2iuVSdjyznt7V1NhFfRtDCrgxKvzyMMljXL6baWlxqhSMgXSAlQzcV0Gg6brFteyS3k/wDo5BwpNTIpI2Yftl1PLHPCqwAYGepqgFUylILZkjU4LEYrSs3Nq8zXF0shwSAD0FUTq0NzG8nmLs5AArO1yzPvpVjmt5SfkRgW+lWb0x/YZmibfFLGcH04rn9SuxLANuQvKketZVrrN5o68gT2p4Kt2rSKIkro4yRNlzIP9o05alv5Um1CWVECq53BartOE4Aya+ioy9xNnztVe+0iYuqcmkR3kPyjA9arojSNuc/hVtW2rtHAroi2zFpRIXjOeTmhY8GpO9KKrlVw5nYnhHFWlHy1FBGWUYFWhGw7VYRTGqOKcelLsb0oYEDmguwikUMqNwQDTNwoLUARyWqnlflPtUDLJFwy7hVrcaYZB0Ip3IaRXCQSjKtsb0o/0iHlHytNmiVjlTg+1VHnlhbDHIqZPl3BK+xda8lIw4FME2TVU3G8U0Sc1POg5WdN4X06PVdTImOIYhuYeuK7aMBWdowApbgCvMtP1KawlLQtgvwfevTNMkDWMRbB45rwMzc3PXY+myf2fsrRWo+6upBGqMfvkACtS3kAiVVOe1c/cyi51IIp4jTP40puJIFJUknsK8qx7DNPU77aPIQ5djjAq/azRxWqIGGQORnvXJ6dI9zqM00hysYwPdqsXLusm9XIxzjNPlEausX6pA0S/wCsYYAHrVmyh+w6dHGOuMsfeuTsJGvL4yyyZVDxk1taprcNnauzOOF4GaOVt2QnZK72MnxH4g+xxOqnMrDCj0rz5FeSRpJDl2OSatXk82q3rTvwmflz6VIkSJ1OTX0uAwipQ5mtT5XMcY60+WL0Q2KL2q/EoA5qAECnh69E8+KsW169Klx6mqYkOetSKxJ60jW5PtU1G8APSlB96cGpDKTwtGdy1paRr76cwilXfbk9O4qM4Yc1TubXKFlqKkFNWYRbg7o7e41vT7e0F0JQ+RlUB5J964661GXVbnzbtGK5+RVP3RWXb3CRTKtwu6MHkZ5rq7aTw4wJHnAgcjBOPyrxMVR9k/I9LDVfaor2umzSQ/aLCQvjgxyDrVy3vLGSI+c/lSocNG3UGrsWqW0cAj0m1luXByoCkKPqajh8MrNPNe6gyrczHdti6JXGpLqdVuxn3F/YxvhWZ/8AdWirFzoF2jZhuElB/vjaRRVXRNmeqUUUVmdglNNLSGkBFL/qz9K428/4+ZPrXZSDKH6Vxt9xdSfWoZ1Yb4mVHPFLbczimSsAKW0bMuaEdk/hNF2FQNzT2OTxTWwByRTOCxy3i6Im0Rx2NcRgmvQvEWyXTmGQSK4XaB2ropaxOKvG0iv5ZxTSuKnaoWrU5mRZ+atS2P7uszHzVoW7fJiplsa0H7xrWjgRmrsOSeKy7Vv3RrQtn5zWEtzuRt+HLXzb64umHCjaKsXWA7YPernh6MJpRfHLMTVC8P7xj71x1HdnTh9GyKNskitGyP7kisq3bM+PatK1O0Ee9ZNHSisv/HzMnrWS8Y8x61/+X18d6zJiFklHoa1pbmGIXumhpekW+q2GQ5iuUPySL2NaI1bWfD0G3U7P7VbrwJozzj3qr4GZpWuEfoG4rQ8UTvf31roNq+PNO6cg/dUVs97M4OhBN46iECvHp9xl+FLcAn604WGp67JHNqm2C0U7lgU8t9asatZJeaS9jF1hXMRI6Y9KseH9Q/tHSkMjfv4fkkU9cjvS0Sug1vZmkgWIJHGoVF4AHas++VZTJGwBVhgg1fLAMBWdctmVsVMXqDOLRGXdbk5KybAPbNdDcMLW0JPRFrJlRY/EJBZQhbcBmpdfuSI0t0PzNy30rfdoy6HMzXDG5YkZyc1DevuA4/GpwGVzlQfepry0zBAccsea2Rk72Kc0axWMGcDJroII4bmwWJXUnb0FYGtsI44oh2FZ1pdy2sodGYjuM07XM+ZJ2NOeE6dd5ZTt9qu217ClxHLCx9SDVb7VDfgCVyD/ALVL/Y5J3Qy5+hpPXcd9dD0OHVreXTsx7TIw24qsYJiBvOFHauKhGoWfVCyj0q7FqquwjupJ40PXDdKzcbbGqlc6uyGkWk3msEWfP3mNPi1+ysrqZri9MqPwiLk7arWWlaBNCJFnWQn++9WJ9H0t12xpAM9w3NZssoNqljGk81orytnvnvVEXkrLudVRT/CoxWmPDCnPk3bRj0HNB8LD+O+c/wDAaNEBiTTnyY49wK+neqbEGFo2GVb9K6VvD1lHgM7OT0wgqvPpFlapuaG4I/2RmmmgPPNRTyJsdM1BHF3auw1e00qa0eTy7pJEHylk4z71yAY5xXuYOpzx16HiYum4T0JMgdKUZNMC1NGmT0r0EcLBVJ6Vaits8tUkaRoMtSyMCMKcVaC3UuQvHGgBwMU43cI6yLWUbdnPLt+dKLBD1JoLUjR/tG1BwZFzUUt7buPlcVWGnQ96DpkB6MwpajuxRKjHhhQWxUTaWBykx/KoTFNCfvBhVK/YlotlzTDIG6ioVmPRhinkhhxVWM2xjZH3TUMgEikHrUjZFROc9KmWwRKTKY356UqtUkg3L71WyQcVxT906l7yLUbEuv1ru9O1cJbrEWwcV58JAoz6dq7DSr7SbnSQlw6xXCdz3rgxsedKx6uV1FBu7sXYL7ZqspLfeAwPzqbUNaS3t26biOK4rUL5m1BpYHIUcAjvVeW/uZyNx3Y9a5Vg5PU7J5lCLaO20zUEhsuGG9jlsnvUGo+I0RfLVvmbgkdq5JrmWToNv0pqw7m3SHJrWGXyb1MKmbRUbI6i51C1ggiFnIzEj5j71kT3MlyQZHJHpmqwAGMDFOr1MPgqdLV6s8vE5jVrK17IlDdugqRXqAGnA13HmlkNTw1Vgwz1qZXUUi4snU81MpqsriplbNBqmWAacDUSmpFpMsfSNzRSHpSGZ13bbmDIOSeR612Gm2UenaYkKKWZ/mlfHU+n0rm3yOVxmtD7Ze6hPAsM/kOg24DfK31FeZmMJNKSOzBSim0zWQy2TNLYNweXgJwG9cehrWtL6G9jzGcOOqHgisC5nv8A7QsizxxWkeBIqJuLHvUqvFe3BMccsTrysu0qa8dq56SdjecEmisyPUrmAbLqEzj+GSPgn60VNmO6PRaSiig3EpDS0hpARS/6tvpXnGo37jUZo/Rq9Hk/1bfSvKdUBXXLj0zU9TtwMU52Eur2REzVvSJ3uCx6YrLvPmUDFaWgrtD/AEpndXSWxYuLiWOQgNUJnlZTlqdeHExqAH5TQcqiijeZlgkBYniuVbhjXUy8hx7VzE+BI2K2ovQ4cdG1mQPUDHNSSOdvSoc1ueY2ID81X4F+Ws9eWrTg4jqZbGtD4i7aDMbCtGBAEPrWfYcq1aUXAxWEjvjsdroyY0SLHdaxr47HcHrmt3QmVtHjAPQYrndSbM0pzxuNcclqdFHdkFo378NWsnyk1iWbfOPY1s5wm6oludMXoQ/8veaxtRcRXsgboa21GZN1YWsAPe57EVdL4jHE/AT6DrS6cs0durSXUn3BjvW7pdrJYGW9uiXvpxgnk7B6VlaTpohuC8JXzSBjcM1o/a4VvWtJZ4zdf3NpGT+BxXRLc85X6l3z9kofzRn6f/WrLnmGhaymoxH/AEO6O2YDoprRLWcR/wBMligPbeDz+tQXb2ghlt5iGt5B6dPQipQ3qdDHPHOI5o23IwyDWFrWpjT7eWdiNx4QVS8KTyW91cWTzhoFBaIsetYPiC6Gpa19nVswxH8M04w94mUvdMZbm4m1GO6lZsl8gmt6aR55Glc5JHFU5InlkggVlYM3y4HSrTxXNg/kTgHPKkelb3RiinaxO91tJJDGtHUSFnhizwOaTTY8zSSH+EVlaje5vHcHgcCnuxN2Rn6pP5942D8q8Cq0eR9KXG4k8nJ5rRsNOuLw7YkOO7HoK00SMLNsrBeBxU8Mk6H92zj6V0lt4eghAM+ZG9M8VqR2sMYCxwog+lZuaNVTZz9nc6gzKpRmHfK1i6zqU0100OBGoOOld/sI4H6Vn6hoNlfKXmXy2xy4pKSuVKDa0OOisCFH79gTzwalNreQ4khuGJXnBNSy6TJHIUs7rzVB6jtT4tJ1G4k8kzqp92xV6GdmbPh3xfL5otrlfnJwvvXXR+I7AzeTLIEk7g1yel+EY7KdbiebfIhyAtXbzQ455XmjcB36hhkVjJRb0NoOVtTrlNvdKHjZHHqOajmjAGGXNcCU1PSn8yLeF/2Tla17DxexG29hP+8Oalx7F8weLWEOjPhuXbAFedoOOetdr4wv7S9023NvJk7ycVxi17OXr93dnj5g71LIetTKT2qEVKteojzGTKSalQVEgqwgqyojgKeKAKdQaBRmikJoC4bhTGVW6ignFML0hNkMkA7VBtK1aL1E1WYshJ4qFhUxxUT1MhxIWqpIMHNWmqtL3rjqnTTIt1PX1qLqalWuaOrNXpsSgZ6ipVTFRrUoNdUEYybHAYqQGo804c1sjNkmRS5plOHSrRAtOpopc1SE0PFPBqMUuaCSyhqdDVWM1OpoNIssqalVqrKalDUjZMno7UwGpO1AyJxxSW6lp1i85olchS69RT2GagfKnI4I5zWdSHPFxKhLlkmdTeaOr2UUVndMskPdmyH+uKsWunpbyRskkm/Z+8Qvlc9zzVKxggvrVZEgiDYwxEpU5q5b2kpia1aGbyXODly365yK+ZnBwk4s9yLUkmivc31kshQTGRweRECcflRWvDD/AGVEI4bNY4z0aPDZ+uaKzuVY7ekpaSg3EoPSiikBFJwjfSvMNWUf2xMcd69PkGVI9a4PWdEuxfPMi7lY9qk7MHNRnqzn51+XNXtCb5nFEmmXpXBhNJZ211alz5RyaZ2VqkW9xdQZVlOSKrCeMJywplxp99dTFipA96kTQrggBiBQcvtEioJYzOoblWOKyNds1s7z5R8rDNdQvh1s5Z+nPFZvjC1MUcLnoB1rSk7Oxy4qanE42Vs9KjpzGmCuk8lsFHOa0Yf9VTbG1EwJK8DvXZaLoNjcWoMoJJNROSRvR0dznNObhh3NXxIEGSRTfEGnxaVd7LckKwzXMSXEpcjeajk5tTV4pQ0seq+FZ99lcjPyryKx7+Tk+5NS+DHK6HcOf4uKo3rZlxXHNWnY9Cg7x5h9hyW9q25fls1aszTY/lfjuK1rzAsQuOaxludUdiK2XerH9a5/UgTeD34rpdN2izd26+lczey+bqajHG7tV0fiMMU/cNH+0n02QTfZy8YIyRVa6tDqPiGy1SxBeGaRd23quOualj1bUYgbW1s0nRycq6bqv2/7u0ubdWitL0J5zCDOAP6V0nBuylrtt9v12W6vX8uygOB6v9KIblNU+0MLcx26LhHbvimXdxNMkV4LNb+JRjdnv7ip5dWlvdIINmLUKcBFGAaBEMVlDJpklySyyx52spxxWFpQ8x7iQjcQ1dNYlJdKa2WRWlZCSAelcUhntrl44yysTggd60h1M5vY6TRYVudWMirhIh+taGvqPJjk7qal0Sz+xWALfffkmq+vyAQRoT1ap3loPZFISfZtKeQ/efpWL9mWZCXIBJzk1d1C7iYrFvxGg7VBBPpxbmKWVvTtWqTRk+xFDYQ52vdItdLHDeafaZieF4lGcDjNR6U9lcOQLeGMr2c81sXFhBetGWYmNOiKeDUyeuo4xSWhjxa/FInMLh+4xR/bErn5URfqa6NYYkUIsMYUdBtFV7jRLS7O4w7H7MnFTdFWZji8u36SqufQVnX13cLJ5dxJJsP8Q6V0NxoUyxg28iuy9Qwxmsq5gedWs3RY5x19aegNEVvHerCTEieX/DjvTbm5iMSiWRVuVOV2DOPrT5bUQ2kcCMyzqeGPerVvp0kSqyRsZP4jsBzQ2Bs20xa1jZuSygk1BcX8dscyqwT++BkCk+z6iRkREDHTGKY1tqAyDGpB7E1BVywhWZA8bKyn0ORWVeWFtcsTA6pMOoU8flTLjTL22hkmsswuV+dFOQRUuiW8cdiGADTOcuT1qkrakt30ZyWqrNDKsMw2so6VRWr+u3H2nV5mPRflHtiqKivewytTR4WJd6jHqKkXg0wCpUXNdiORkyVYUcVFGtWFFUaRQoFOpdtG2guw00xs9qkIqNiMUxMryOwzUJlb0qWQioTimYt6jfMz14o35701kBqEqR0NK7QJJkxqNqYJCDzS7wwqXJMpRaInqrIatOOKpyHmuSsb00RjrUq1CDzUimuaLNpE4NSoarg1IrV0QZjJE9OBAFRgk0u0mt4szaH7hS7/AGpgWnAVauS0h2408E00YpwNWSxc06m5p2aaJHAkGpkY1ADT1amJFtXqZWqqp4qxHzSNossLzUg6U1RxTwKRqIRxULip+1RuOKBMdpk6296paFJMdA7YA962dSvBFqVtLEAiLgsTJgOD/s9a5skxSLJtUhWBwwyDXYGazu9PiuLtI2DEBSw+b6DHOK8XMaXLNTR6WCqXjyllNespiVjhZ1X6gUVbgtr25QFYIoIwML5p5I+gory9DvO1ooooNxKSlpKQDGqFwD2qc1E1QwKzxgjGBVGW3z2rTYVEy1AMyGt29Kb9kJ7VqmP2pRGPSi7EZ0dn6iud8bWO/SNyjla7TZ7VQ1bTjqNi8A43d6qEmpEzV0eClecd+mK3NF8J3+rOGEZjh7swr0LSfAtjZOJrkCWTPQjiuojijijCRoFUdABW86/Y540L6s4i78O2+laMUTBkHVql0ZdlqABWv4gUm1YVT0lQbYcVnzNq7NLJOyOW8ZAm6jJHauHcfvWAr0TxtEAIWA5rg4YvN1BUAzzyK6qbtE5aivOyPQtFh+w+GbdW4ab5vwrEuWLXjgetdDcTqbaEBdqxxgAVziZkvGbsTXA3eTZ7sI8sEjb07GMeoq5dSZi29xVSxwr89qJpMzlc9aya1OhbFqFhHYsc44rlvOX+0tzdAa6G8Pk2pXPUVz9tDHdzXEQID7Mr9a1oKzbOXFvRI6uwjn/syVbUf6UyEocUzw74durW3vn1HK3V0hRcnkU3SJZJLLA/1sPyMASDWgbmZAN5Yf8AAjWjbucljH8N6dqGkm8S5RlhJ+XPIJpms3EksiWkK7p5ONoH3R61oXerJAm59zMfupk5JqPSrGYTm8uFxPOe/VR6CnfqxW6It22lW+mWcSqgE5GXbvXP6sltFeExxqZsZZvSuo1GZIt8sjAKgrh5JWnaWYj7xzThfcmZ1ELFrdP92uV8RX6CXZnLDgAV0E9/HDpKyIQWZMKPeuRh0e91O4eXy2Yk5FaU0t2Z1G7WRQEcsg3uMhvetGz0+T5TGwcn+Fetb9l4fFiiy3trPIF6hRwK6qxfTxbq8CxRoR34IpyqdiI0urOKTRb+RgI7Z+epNalv4a1dACr7Pq9dS2o2UfLXCkjsOai/t21H+rR2/Cs3NvoaKNijbaVq8ZG+7THp1qtq48SRymGxtiY8f6xRkmtWTXXUApbjnj52xVGfxDem6+yh44XboRk/rQm+w7GIkOql0ju7m6WZvvIOCKY2mzm4MxuZ/OXjdnJxWvFdrY34V2V7uQ58x2yT7VoWXm2eq3EwUmGfBI/utT5mHKcdNNqGk6mJYR9tJGcshOK7O11Zn0lby5tpIWPHlqmSavm+tml8t2CE8fMMA1bVEwT1BqHJNAo2MX+1VcAiGQA9M4/xqvNqyIfmgk/DH+NbstjaS/ehT6gVTm0i1dSEBjP94UJoZkf2vblSSkqDvlelZN9qFgCPs7sJmPBjH86sXVjJDcfZbpmCfwyKeGqqdKhSTcsgKntWqsZyuchfZN9JnqTmmKMCrWpWxt9RkVuhPFV8V79B3gjwK6amxwqaMVEo5qzGtdSMEiZFqyi1HGtWFGBVGyDFIRUmMimkUFETCoX6VYccVWk700RIryKKgK1LIpPeoTkVRg9yM7qaXp5b2phxUPyKQ0gNTGXb0pxGKax4rNlojduKpTNzVtzUf2GeblI2b6CuOvKx0Uo3KgNPU1ZbSrpFyYXH4Uw2dxGMmJvyrmUkbOIgNPU1HgrweDTxwK3jIxkiZTUgNQKakU5rpizJolxSjFNAz3p22tUQxwxTgRTAtOCVaJdh2RS5pu2nAUyWOFOHWmCnCqJLUYBq5EvFUoetaMI4pM1pkyrxT9tC9KeOKRsRlaYy1MeaawoBlKZOK2vDVwpgktnto5mUhhvXOB9ay5BxT9Lu5LHVI5InVGb5cuMgZ71zYun7Sk0aYafJVTZ39tbQ3iMXgniCngq5w30oqtDNPISNQvbiFh93yEAVvcdaK+ZcbHuXO2ooopm4h6UlLSHpQA00winmmmkwI2FMIqUimYqLCI9tG2pNtJiiwDNtJipMUmKVgIyMmkxTzSUmgMjW4Gls3KjkCsjRG3Qle4NdTcoHt3B7iuS0I7b2eI9A3SqWxnJalDxun+ixN3zXI+G7fzNZ3sOEGea7nxvDnS1YdjWJounrb6cLlv8AWSH9K257UyKVLmrFvVCEiznrWVEgXDVZv5vPn8sHIFMbakWMc1yI9nctRSAIW74qt5u64Vie9TDaLXdnk1SiIMo+tJDb2LmsSEheeMVjaZbLJepLvZSJAAB3q/rEu1Fz6VBoEsJuoomcB/MzzW9P4ThxLvOx0epRNoesQXyc210Akg9D61oSqPMCkjB744x60vin7NN4dkRriISIAyjcM5Fc3ca1DeaRZWsUq/apgI5D/dHrSWqMbpXNPToo9R1t7nbm2t/lTI4J9a3l/fXYyMBaWzs4bWxjggwVUDkHqaR3S3guJsglVP51Ld2VscnrUj3upPbI/wC6Q/NWdcS29pGUUhiRjisy6v7h7mUr1diTUMSXDOGPJPrXVGNjnlK5ctI7u6dViiYoDwTXSWemzRFXuLwx7SDtTkmsK3vJCwikkI/3eK6TSLm7ij3RrE6jozjmpncqKNmRtQvo/JgjMERGGll6kewpsPhSwiUEPMX7tkEH8KkGq3gKs8COv+yeatR6vAR+8SVG/wBzNYq6KKD+G9pJgnT6SLj+VVpNPurZf3tsSo/iTkV0DalZLbNcPOFiH8R4rn7nx3ZLMYrC3lumHdRxVJyYOxTntkvoynmMP7q8cH8qZbadJb2rrO8TSjmIgnr9abc6pqF26zRaO0MnXcrYz9RUf9sssq/2hbz28XdguatXESRac1xm4nKW04PGDnPvkVqWzeVFtDtI56kbjn86u6U2i3yZs5FuHx0c8/lW3HGsa/IiqB/dGKiT7jSOe8qWaMq1q7qexQ06C3v7ZsW6zKndXAYfzzW+zc5LfrUMlxbpw8yD8RU3HYwptT1Rb+GxNrHEZc4nYnAH09fxq1JbNGhkuLueT1CDbUtzf6fJG0Up80egXP5VQeeSMFbPziOyyj5RTQivdRQzAxubrafV81lvo8UiLHDeugznZIMZ9s1sNNKYGeW3iMo52IeaqxSi9GY7dQynlS/INWmQzm/E1j5SwSLGFAG0/NnNc6BXW+JPtclmBLCiIrcENk1yhGB717eBd6Z42OjaoKg5q1EKroKu26ZxXoo4oosRrx0qcDimquBTqo1QtIRRmmk0DGP0qpL0q1J0qrJmmiJFZyahJqw/TpUJqjB7kRI9KjIFSlRTCoqGNMiJqJmqwQMUyO1muphFCuWPpXPVlyq5tBczsFpEsk3zZKiupjZoolxCUXGOBkmrGj+FZl2vIyKcZORmt9dFvYiHSSGXHQEYrxa9ZTkevQpcq1OesEkvL9U+RlOf3ZPzUpR7i88m3j3nnMRjxjHua3opYba4MNxF9knPdgMEf71PguVv5G8ieCOMcGaRgGP0rDnZ0ciObm8Pi8RzcQLA4HGMjH59a5W80mazcg5Zexr2e30m2QBiPtBH8bnP5UtxpdrPCY2t48EdlqqeJcHqZ1MMpLQ8OCU4LXQeItBk0i5LrhoXPBHasQc84r26M41I3R5FWEqbsxqipgmRmmgCpBwK6oo52xu0ilpVYGnYqkiWxtLS7fajafSmK4UooCn0p4jY9BQImg61oxHgVRijfI4rQiQgDNDNqZMpp+ajJxRJIqLk0jW4/NB6UxG3jNK7YpgQyMKpz88jqKnlYVRlkpNGcnY6HTPE9ysIgkaAeWMeZIrEn0HFFcuHIfIODiivKqYWnzM7qeJqcqPonNJmm5pM+9eMe7cdRmm7qTdQFx1No303dSC4pptIWpC+KV0IWmmjfmml8UmIdTTSGQU0yCkA6kpm+jdSGOkGYjXHaWUi1m6U9d1dc7EIa4n7Ncxa3NcBT5RPWmiJF/xXH9o0oKvdgKwZpRDbKoGFRcYrfvZlls8nBCc1yV3IZPlHQmpltY6cNHdkNifPu3Y0t05iuwnZuKm0+LbO/FQaqh8xSOqnrU9Tqfwl2RNtqOMcVSgGZ1A9avyufsMW4fw1SsTuv1HakthvdEep/OCp5Ip+iaOt5ZtIjFZg4AYdhS6muJpB71e8K3MVvbv5pOA5bH0rWF+U466XtDoLPwdpUaq920s8hHO9uKkufC2hSIypZlWx96NulVdQ1VmB8yR7ZX/1QA+971PpyXzEJPcB4cZDY5NL3u5lZGPHousaZdYtJ2ls2PIJ5AqfVbthAthahlZvvu/Ga6xGjRMLuYDsBVDVo7XUbCWGaB0ZFLLKy/dI96E9dQtoconhuN7UB5Ck+clyM1KfD2LREinHmhsmRl4x9K19JkludKhbYJnBKblPYVansrmYBPNS2iP333DcfYVXO7i5Ec8ujWEW1CWluO/lHnNbdrpl/IgRbcRRgYBkODWjZvpmmpsiMW7u7OMmrJ1i06+fEPrIKTm2CikVE0K4P+sulUeiLn9TU6aHaKfnMsrepbH8qsx6lbS8xTwn1w4NYeo+N7HT7t7d4JJCp+8rDBpLmY2orck8R+HP7X01be2cRPHyoPRjXD2cGp+F7yYXOmmWJxtZlGcfQ16Nb61Dc20M0cTkTDKhecfWqd5eS3d09vFeRpHCNzxxfM5q4ya0ZDjfVHNDxRbYXdDdqV6KE/8Ar81Bea5c6jbzWlhps0nncbpF+79K3dcv00/TrW5jRN5cEhlBLDvXQaZq1hqEG60eMMFDOqrgrT5klewWvozjPCPhHUbLUItQuyYET+Anlq6e5028kv5LkyNNC4G2FZSu39a1Y7mCdPMjk3Kf4hUgkj/vj86zcm3cpQsYBS2iwJoJI8/89STSrb2/3o40+oFb7NHIu1trL6HnNZV3pBVmn06QRSgZMZPyt7Y7U7g0ZWpTzQOq20Ts2M/6okH8azoHmlkad777p+e3HPHr7Vu2l1HeRywyIY5k+WWFv5j2plvYWlsrrDboodSHPcj61Sfcho5+7vLqC7LefG0LH5UjUnA+tSIj3btcIrW8iD5XGOfqKvJp1ho8Luz/ALqQ8LKcgfQVEiu6ldPsH2Hncw2L+tVdE2MPWrm5mtPKkVTg8up61zD/AHsd67i70y+mhcukC8ZIDZNcVMhS4ZW6ivWy+V1Y8vHxd+YWMZIrQtxgVRj6ir0Rr1kedHcs5AHNNMi96Oq1XkGastsnDI3RqQ5HWs6VJFbKk01LyReG5FFiOc0mI21A2DUP2gOODg0qv60WDmTFaMGoHhParO4UhNFxNJlBomqNozitErntULgA0EWsZb7+g4rsfDtrZ2KCa5di7jjC1z6QiScIo5JwK9P0vRrWC3hZkaSQqM7zkD8K8fMJ8iSvuengIc+tipqOuQaVpa3iQvKZDiNcYHHc1zdhrl34hvHhvNSFnBtyI4/lL+2a7u8v9Ft0NpeyQEAZMRXOPyrOTwv4c1OBbm3tpBG54ZHwP1rylJWPV5HczE0rSwE3KJGKnd5sxJXH6Z9qoaifD0NrIAiPIQRGsRO8N74PSr/9gaF/wkH9nqjgBd2XkPJHUValXTNCiN3BbWU8QYKEHzMp+poug5Wc14V0zX7i/imtfPit1f5mckLj8etei3umTXN4kyXhSNRgxFSVY/gaytI8ZRajqMNh5CxIxIyp6ccYFXP+EjgjvLm3uiITG+FZ1OCKibdyoRViK70KWeB4nitXU84wUP8AKvN9Z0G60uZ2eHbFnscgV6kuu2U5YRXMUm0chFY4/SsrWbyxvbV45JlOQR/q2/wrXDYidKXkZYihGrHzPLBg8ipO1OvbZrKcKG3K3I4qNGyPSvpKVaNRXiz5+rSlTdmIoPmYq8kGR0qvbpumrVEfFbRItcrCEelO8pfSrGykMdMrlIQi56CpAFFG3FNORQCVidcVOG+WqitUobikWmPlcBCc4qqAblw8rbIV6A96Li4SIEyEH0FZc13LcNjovYDpRexLZrnUIh8iDpxT/O3Lms22tWzuerjjbHkUCuyKeWqUj55p0r5Jquzc0pSsiNZM3fD2mQ3rzS3T7IVAVTzyaKtxeHpb7w/ZTWeROWbzBnqOxorwK1d+0ep7lHD/ALtaHsNLTQwpd4rhPRFxRimmQUbxQAuKQ0hcCommFJgPJpMioTce1N88noKm4E9IRUPmmmmY0rgTbaQqKYsmaGkpNgO4FFReYKcGBpABGetVryJBZy7QM4q1UN1zay/7tNCZwLTv9keM92NZ6L5l0f8AZFXJDs3D/aNQWnLyPUyep3UVaCJrEfvnNR3sYaVge9WNPX53PvUtxCshOetZ9TboVliMlogJ4UVRgzFfrj1rXtoysLr1rPmi8q9jY8ZNNMTH6lEWbd61Dols0rXCDO5F3AVp3agoPSmaEyW2sc4w64rSMtDnrx1uaVzpf9q2qTmd3EceEQDGDTfD/wDpNg8SXWLmI4aM5BFdJBGscKqgAyc1jaxochkGpaWfKvY+do6OKE76HPYSWz1JgypdrCD1Ycn9TXNaraX9tq1vYwX9xPLNjcWORzXT6ZqY1WBmZBFcxnbLF7+tXC6s4cxReYBgPj5sfWmpWBq5xGuWF3pV/a2cVxK8b4J28ZJ611q6DZxkYediexkbFW2Mbsm+NGK/dJTdiql7fyfaF07T1Et6/LN2iHvQ5XEo2IrtdOtHEKWv2m7b7tumcj6mnW3hE3rrNqjJGnVbaDjH1NbOk6PDpcJJPm3T8yTHqxrQB5qecaiVINB0m2TbFZR8Dq3Jri/iBoirNBeQQhYyu1toxXoINRXdtBfWz286ho2GPpTjNp3CUE0eW+HNVsdNaSC+jaSFx8roTuQ/4VriTwxFtmh1GbzQSzMFbc3tUGp/D+8inZrF1lhJyATgiqkHgnWJJArRJGD3LVv7r1uZarSxW16/XVnjjtI5I7eMYQPIWZia6vwZ4UuLCJr29lkUzLgQq3OPer2h+ELPSmE058+cdMjhfpXSl81nKppyoqMNeZnPXPhu8ihK6VqzxDJYRyDIyfes+3n1GA/ZNRvXtbrOEkkUNG3412O6oLyyttRtmt7lAyt0P90+tQpFuPZmH9m1yN1/020kUt1KdR+VFw2sZdZNPtJ4gP8AWiXZxUdjcT6bf/2RfuGRubaZh97/AGa1Z4EubeW3uNwRxg4p3sSce2uXUrSCwso1a2O+eVWDhlHbdVu11yyuhJcJDqHlj7xRAyg1v2+m2Vnp81jbx7Y5gQ7EcmqOiaKuhLcBLgyCY8AcYp8yFZlOK80Rpnuh500nUyTxsQKt/wBuWkvAuIj2A3YqXU7uzsY9txhpG6QKuWb8KyH0281P5xZW9lF2Mgyx/CmrPcTRdu7+KKB5GA4GeOa83vZVnu5JVHDGuu1LwwyWssi3RYgZ2KuBXFngkHqOK9bLYx1aPMzCTtYfGatRviqSVKGxg17R5C0ZqIdy01lpttIGFTEA0zXcgZARmq8lsrjjrV1hxUAIBINO4nEzJIXjOaaszDrWpIFYYNUJ4VBytBk1YQSmpFlqpytOBoJuy75oVcmqDTl5jSzSYjNU0f5qznOzsaRXMja00yfbY2ihklcEFQnc16JY2GuTIrSXkVkhwduS7/8A1q5nwQmWuJSOcAA138R6ZPavn8wqc1W3Y9zA0+Wkmcf408OzJIl/byPJGwxMcdD61h6LfrbSJa3ySXFnnOxX2lT6ivWkCSRsjhWVhghuhrnNR8EWFzN5tpM1s55K9RXJGatZnW4dUZX2rw/HDNI1xe+ZIRtKx4dB/dB71laxfx39rFBa20dtZp/D/G59W961P+EMnO8HUbfyo+Wbdnb9a29I8MaXaiO4MgvDjKt/BRzRWo7N6FXwP4bOng6rdIBK64hQj7o9a7EmOTIeNGz1DKDmojJnFNEnSspSu7miSSM2/wDDllPL59mWsbociSHpn3FZQ1a4s5vsGuDYzMBHdJkK31xXTNIcn61n6tb29/ZSW9zGGVhwe6n1FJS7ia7HMa7ZwRKbmYDy1P39pbP0rz2QK1xJIh+VmJFbeuPf2cA0y4YvBG5aJ/UelYeRX0GW0koczZ4eYVW5cqRZtcKc1fV81kCXFTxXIHU16t00efF2NIU6mQsJBxU23FI0QzApkiYXNTZA5NRSSgjggD1NAMgGc9Khub1YMpH8z+tV7q9zlIuB3NQQWskzZ5wfWpb6IkYBJcS5PJNadtZbAGbrU8FskCDI5qUHPJppWC3cVVqnezBTtFWpZRDEXJ7cVjO+9ix70XFJiO1RoDJKqjPJAoY1NpqiTVLZWICmQZJ6VhVlaLZdKN5JHoVhG0FlFEACY125KH/GinsojZlKHOf7o/qaK+YlK7Z9LFaI7ME561KDmo+KkWpRQ6nUgpaoBG6VUfrVpzhTVMnLVDADSAYpT1oxUgFN7040AUDAHFBOaU0wnFACHrTlptKKQEm4VHNzbyD2NLTZPuN9KYmcDejBf6mq9mf3bVbvgfOkUjuaoWZwGWpkehT+FGhYDO761Jd7kYNjjpTNOP3x71cuUzEQR2qHuadCtHKFBxVG+mSbBAwy1JcQzoAY0LZHasuWKdJP3gIz2qkupEpGm9wskKjPaq8TYu4mzj5hVaMlsDPSpp1aKIOv1BqkrGVR8yPQ0kACgEdBVlJOB0rldAmnurJJnkyxPSuijD4561LWpgc5rkJ0bWINXgXEMp2Tjt9avzSbHTb0fkVo6rZC+0i4gbklCV9iK5uzvx/wj8V3Pgtb5jIP8TDgVS1Qti3qF/JbqlvaqHvpuI1/uj1NbOi6THpVscnzLqTmWVupPpWf4c05wj6peL/pM/Kg/wAC10BpSfQduo7NFNzRmoGPFI7pHG0kjBUUZJJ6U15UjRpJGCooyWJ4FcneX03iSdoYGMOmRn55OnmH2qkriZP9rl1vUVukaSHT7Y/Jg481v8KnmvWg8U6e5dvJnjK4z8uaaZI44ljiXZEg2qo9Kp6tG93pwkgJ8+1bzI/Xir30E7nYk8nPWkyKz9K1KPVNPiuUI3EAOPQ1dzWezGSZozx1qPNGaLgZniLTzqGmloji6hPmRMOvHaotN1E6lpsdzjEg+SVcdGFbStjHGa5SGP8AszxLc2bAC3uxvj46NVrVWJZteY3cD8jVPUdUe3lSzskEt/IOFB4QepqG+v00yyacAGV22Qx85LVPoOnNZQvdXR33s53Ox/h9hT0WoibTdGisQLi4bz71+XlbnB9qtS5JqYuMdahYj1qb3CxVlTeCpHBGK8u1ezay1OaMghScivVJDmsPWdJi1C3JZf3iAlWFduDxHsamvU5MXQ9rT03POe9Sfw1GVMbMp7HFSKcivpou6uj5xqzaJbSXa2K0wcgViK2ySteFt0YNUXTZIar3KbWDrVgGh13IR3oRo1coluKhkOTUrIQTTGXiqMpbFV1yKixirDDFRMKZlcgmBZcCqaEhuavkVJY2kU+oxq7ALnJB71zV42Tkjoo6vlO48IwG20sM4+aUk811kTisK0YIqogwqjAFakL5r5irPnm5M+jpQ5YJGtHIMEg9qo67q39m6e2z5rmb93Co9T3omu4rK0e5nYLEgyeevtXOWLy6rftrN0pESnFtEew9cVml1NLm1pVn9g082sxLyzjNwx7k9qq+GLk2093o0vDQsWjz3X2qbIaTJAyeScDrWbrUU6SQ6tZ83Fvw4X+JaN9AOw3cD6UwvVLT9Rh1SyS7hYYb7w7qfQ1Zzg81m9NCh7P8tUrlztqwzCqlyCY8j1oQmc7rVoNStGjwPMU5Q151LuilaNhhlODXpU0hWTrjBrh/EkUcd6ZYip8zrg969TA15R917HnY2gpLnW5kGQioWnI7012OKgPJ616MqrPNjTRqWN/JC45yvpW2bxSoYdTXNW0bEjitaNBGu5z+FdlBtx1Majs7ItmUsCzHC1nXFyZDtXhfSkllaRto6dqtWtiOHk/KtSUQWtk0p3EcVqKFiUAAcVMqqkZwMACqIk8xjjpmhDehY3F/pQvzN1+UdaYTxsHU1DdTiGHylPzHqaAuQXlwZZCi/dXiqp4FKvPJpHNQyN2RtV7R9Mk1W7MUTbSqlt1UDyK3fDU+oQmYWFqru4x5rjha48XPlpto7MJDmqK50GlyXOoWhhyfttu2yQY5KjoaKqp4f1GS8luX1IQyyct5YOKK8HTue7d9j03PNTLyKgFTpyKzRZIBgUUUjMAKoCCd8cVEowuT1pWO9qd2qAI8HNOoPFITSAQ9aUDim07NIYGmN1pxNNPWgBAOKWilpAKKbIOKCwHeotxbimJnO6xaAR+ao781zUXyXLDsa9DmtVnt3jI69K4O+tzbXe0jlTU2OujO6sS2z+XcEeta0pBg3e1YNxL5ZWQVbhuzLDjNS4nRfoXVvI/JJzyKyrqeO5JxgGqVwrGYjcQuaakCq+4E1SikZuT2EA2SYzWk8RawGRk1Tkixh8cZrYC5tlAHam2JR3IvCbXL3Rt/JJt1J3Seh9K6rVLyDSbF7mVzx91R1Y+lY3huXEF7bjhh864/z7VRslu/EGvq1xGfs9ofunoTT3dzmasXrceJtYQSK8dlbv0G3LEVAfAdz5ZUaoxAbftK8FvWug1DVLixCpFatM5GQF6AVlx+LboyYewyOmAeaE5dBWXUUarrOhqseqW4ubUcefEOR9RXSW1xHeW0c8Db43GQRVO2v01O2dHgZVPDxuK55L5vCOoG1nLHT523RkfwGla4bbnZHjjFQXl7b6fbme6kCIPXqfpXOnxZNd5TS7OSY/8APRxhR71SFlNcXH2rVpTcyg/LCPuLSUO4cw+ea98Sybn3WulofudGkrTRE2COMJDBGMKDwKSJ2k4bhFHCgdBWFf6rYaxYT6akjQ3IbKCQbdxHbNXa+iE3ZG81uxYKrDnoR0NK1vJbgSBlb6MCK5e0vNRs/CdzamN1uFfy0PcCrejyx6Dor/2peBJ5m3CNmyVFHI0HMWy03h+8bULRDJYyn9/CP4PeuutbmC+tUuLZw8bDIIrBtblJ7ZZ4XE0Eg6dQfY1SFreaVO11orZiPzSWp6H6VLVx7HYbaTacisvSvENnqZ8rJhuR1hk4Ofak8R6rJpdkkdsu67uDsjX+tSosd1Yl1HWNP0of6XOFc9EXlj+Fcjr2uNqZtnsNNut8Mm4SMvUeldFo/hqG223d9/pF6/zM8nO0+wraluILf5ZZoouMgMwWrTUX3Jd2jz2HVluvE8N3q0D2tvEmI1ZTjd6mu6imjuYxLDIsiHupzUskVtfwYdYp4n4zwR+dctqGnXPhiQajpzMbMN++gPIAobUthJNbnRuSKryORVmCWK/s4rqA7o5F3Co5o0RGd2CqvUtwKgoqGXHWoLm9trWEvcSKi+/esXUNfee4e10aLz3Bw0uPlWs59NYu0l7I1xORnJOVH0rS3Uhvojnr94pb6aWEERuxK59Kij61pazaC3ihkYjcw6AdBWUpwa+pws1Okmj5rFwcKzTFk4Oa0LKTcmKpyKCmadZSbZMV0nPHRmr0NPXvTT0zQpoNytLgSY9ahdetTXfyYaowdwqjOW5WkWoDVyRM1WZSDTMZKzIWFMwQQVOCO4qUimEUNXKjKx2nhnUxfRm3lP75Bx/tCumknisYGmuHCIo5JryuzuZLG7iuIycoQSPUeldE0lxr0gutQYJaggxwqfvV89j8IoT51sz3cHieePK9y3JcS+IrsTzHydMhbKITjzTW9G73BJiKCNRhQJAABWSZk8tixWOCIZxnAX9Ky/EMr31ja3GnXYfy1+dIm5Brh5b6Hbe2p1kXmSSY6YHJJOB+OKdveEh1KyKeu3LAiuS1XULu/wDDGlwwCQzzsyyYJy23gZ/Ordve6ZoGlRWd3dM9znc6x4bZ7Gp5LIpSTZZkS70S+kv9Lid7RiDPb4/kK6TTdVtdWgEltIM/xR5+ZT6YrMtZQ8cdzbltkwyCQBx71WudGiln+02crWd5n7yZ2sfepaTKWh0zcd6pahdw2Vq9xcPtjTr7+1Yw1zVNJby9ZszLGD/r4u9VLi4tfFPiCzsrd2azQGSUYxnHap5NRNmfI2peIpWlVja2ecKB1IqtP4ctYRmRpXPdia7m6jt7C1eTYBFHwFA/KuU1G3kmWRr4yiVgGiijHG2tYzfQzlBNWZw99aG2nZeSueDUEMBc9K6DUrAPukt9xhTAJfrmqsEKxjJFe3hIe1XMzxMU/ZSaQsMKwrubrTZGaV8fyp7Zc4HSpkRYlyRk16lktEcF22EMKwgM3LdhV5MBDJJwBVeNOPNl4AqrdXbTNsT7npSNL2Jri8MilUHB4oiUQxgfxGoYk24Y9qsxrnMj9KZO4jsIYy7fePQVmkmRyxOc1LdTmaQ46UiLhaW4NiYwKgc81M5GKrtUSYRLOnWMmo3qW8YOGOCR2HrXospt9Ksdu07I1AVV6sa57wP5ebogfvcdfat7VkkZrCRdu0S8lugPbNfPY2q5VeToj6DBUlGnz9WVbi81OK2inRrOJZScI3JGPU+tFW7Q6fFe3Y1RYnk3fKcHZjHb3orkOs7EMRViJsiq5QipYagCx1qCVsDFSk4FVZCS+KbYxRwM0maaT2ozSEKTTSaKQikMAaXNRE4o3GkBJmkNNzxTlyaAGgnNIWNPcgD3qPrQA05NOUUAVKEpAGK57xDp/mJ9oReR1rosVFKgdSjDINNlRlyu55vJ8y4NQReZC2F6GtrVtO+y3rBR8j/pWfHtXcrdqlnbF8yuQlXk5NPEeBSNOscmMcVOrJIvBGaYFm3iWSPDDOKt2xBjK46cVWtiUcDHGKuwR7Sx65rNmiKenFoNcCA4Eg2nFbWgLLZ6re6cWBXPmqT1INYt0fsuoQz46MM1ua/HPbm21qxQs0a4kUfxKa0T0OSroyxqyfZ7ozz79rJtVl9ahN20kMUP2MwhCGaUAZAq3p2r2uu2X7sK/ZkY8g0h0i380uy3B9U3HGKNtGQS6QElluZ0ZnQsAGI64rC8dQvevp1lbqGndiQp9K2brXdM0aERyYix0jXk/lWXp7T6x4g/teWB47aJdsAcY/GiOj5hS1VivDrF1pqLYazp620WMCaFPl/EVprHFLCJoMPC3Rhj/GtiYxzxtHNEJEI6MK5qfRp7GYzaS5wTlrZ/un6UXTEk0XoVXzCMlcd8Vy+o6tp2qX7W0GhtPMDtMoOw59eAa0ZdcW1YfareW3l7gjjPtUU2tQizujZRiK4kXiTbjP41cUEjTLOJoiL2GK2iAWWI4J3Y6ZxXO3D+G4tRb+0bW/3lvvuwI/n0qja+UPD13BcTqLp38xMEkk4qxpuo293pb22rxh2jx5bn7xHpmqUSb30Ouh+ytZxmwjC2hGUCkEGlyckqSCPQZrGt9asYY0t42WGFfujBqT+1rq5cx6XZlif+W0o+X8KhovY0rnTbO/Aa9AhYD5bhBsK/jWLoqvN4zihn1H7dFaofKfOcf/Xq7B4cFy3m6vfPMxOfKQ4UVHe2MGhana6lpsREK/JMq8nHrQmtiGtbnY3twbazlmHLBRt+pNYAs4m8wCNL6eT5mdgGK+oGauPqum6hZsguowJBwGbBH4VktfSwTF3bYyjCPAoIYepqYpmjLkLLaut3bKttBG3lzQZ4bnGcdq6CVI7m2eFwGjkUgj1FcUrrdsYI4y5kbc88vy45B6d66hr+C3hZ3lQJGvJ3CiSaEjjtI8SzaTDNosFlLdXEMriPB4AzxViTTtR1dvM12+EMXUWkTbc+xrK0Sxvby5vNVs7oW8jykKCOGFXLi+1C2P8AxMbQuf8AnrHytaPTYhXtqaSiG3gMFrGsEQ4wjKd315qreTGzsZ5obdLiUDAQgEfXiqP9owvlo2jPrwARUv8Aan2a0e4j2ySA7fLGPmpJajexz91rUWsWgiurcQXEedpQHa1ZIyOPStqfUpp981za20IPTC8msZmBckDg8ivdy6WjieFmEdVIsL8yYqFD5cwqSJucVHOuHzXpnmo2kbdEDQvWoLJ98OKm70zdPQju13QN6jmqdu+4VosN0ZHrWShMcrL71SInoy4e9QOo9KkD5qJm5IoRLdyBhTCKnIzURXFUZkXetnRrgGFonJJXp1P9ayMVNausNwrk7R3Nc2Kpe0pNHThavs6iZ1qC3mtp47pD9nx+8JIXA/OsSyTRk1aNbCa7kbdxtUY/n0qcahbGGa3ldHikABA/OqN5eWthp3laciiWX70mcsB6V83azsfQtpq52H71bm7SSSEWvlsLdISA+7gnHvwa5+0v/DVpdD7Tpd2XB+YysDg+4rJupY10G0WKcfaY3ZnCk5Geev4Vq2+rWF5psJ1CKJ7hTgnHLD3qWtB813Y7AOkwjniCCF1DIELAbfpinBWduFZh/uua54eIrRY41DhUjXaoCngelVW1qfVJDDbzixtm4eRmO5hWXKza+h0V/rdlpLmDfHdStjNvFEWz7Ek8Vj6LcSr41WS5sVsfPjYJGi7R7Ve0ubw9pWWiljlm7zPyTVHxRqlvc3FrqFlOjXNs2cA8kU12Jl3Z1GtxtLplyiAluoAPPBrnjcrFMLyz8y4EcBExll+77DPepYfGFlcQ75GaOQ8lSO9czrGpQ3V0/wBiUxo338Hhq6MJhp1ZcvQ58TiI0o83Uq3F29zNJKRtEjbioPFQ/eNAzilyEXJ619RCnGnFRifNTnKpLmkO4iUEdamgi3Zll4Uc1HbwmVt7/cFMvLvP7tOFFNjSG3t4ZD5a8KKS1t/+Wj8DtTLS381/Mf7oq6fnbavCikNjQm9/9kVDd3GB5adBT7iYRqEXr3qgcu9Ah0SFjmrDDauKdHHsSoZW5o2JepC5qLknA605jUtjCbi9hiA+8wzWFSfKm2b0o3kkb+mRHw9qtpPKxNvcJh29M12UlxYSWbQT3EfluDyGHHoayG0+KX5ZAzKoGATxWfrzQ2NqltbxL9onGAMdBXzM5+0ndn0kI+zhYtPdeTAttFqWnyRIxIZ87vxIorLtbRbKIRrDvfHzkrnn2opaFanrpxTVIDVEVPrTMNnrWYFpnGKqlgWJzS4Y96YYj60AAPfNKWHrTDGab5fvQBKHFDMKjC4p+zNICMnJop5jxTdtFgFHSlD7aAMCkKg0DEZw1JuFL5QNJ5VIBykVMGA71CI6eEFNASbl9aY5BpCoxTCBikJmTqtulxKgPBPANc3qmjtp90FeUMWG75a6PUpSrKcD0rnyGu77YWyx4BNQ9zup/Agi0tZbZp2dAAOneswRmOYsh+UGrt08lqWhKkkccVFp8LTLIHGDjIou0VpcvW+JEB71YDMg4NZ2nS/O8bdjWgeQalmiKt4pnjYHqBxXWaBc/atFi8z5ig2sprlnXmrGi6zBplzLHdvshbnPpTjtYxrLqS+JtJ0+xgN9BJJbXDHCiI43Gse7h1u30uO7n1W42nAeMOcoDV641JNb1qOdlYafa8gkHDGr0tzDqAmhLxlJlxjPtxW6utDltcu6L4b0uOKO8fdeTOA3mTHNdBgYwAAvoK5TwhqJRZdKuG/ewk7M9xXUlqyne+pUbW0FKrTSinqBSb6XdUDILqxt763eC5jEiMMcjkVxDWP9haodOusPaTcwO4zg+ld/nisrX9MTVtNdP+W0Y3RsOoNXCVtBNHPPp0AODDF75T/69V7u0t7G0N00acfcUAfMfzqxps0l9ZhJOLmI+W+abFE2seJ47Vhm1sxlsdCa02JLHh3w4qgajfoHmk+ZY2HCj6V0wiQDAQAegHFSFgeg47UZrKUm2UlYjMK9lGKYYh/dA/DrVjPFMY1IFCfSrK5GJrSFjnk7cGuN1PTLR9fjsNOMsWwbpmVzwK7TVLw2Omz3KqSyISPrXJaNBKLJ75gHuLklslu1a027XE1fQpappMdjeW06yTSWTOFk8yQk5rrU0TTQoMdsjKRwTzkVjxGPVFuNNJBYrn/datPRje2dn9nvkRfL+VJC4+YU5t2FFJaFn7DHEuyNAi+i8Cong4xzipZr61jP7y7hU+71CdTsSOLuE59GqNSipLpdtKdz28ZPrjmq0mh2jKR5IGe68GtB7+1xkTR4/wB6oH1O2UZEqMewFUnIVkziNT0ttO1BYpSzwSfcZj0qvcWzW52kdK29TvZtRb7PdQLGituWRQSaqXIWWPmXcVGB8uK9DCV3CaucGKw6nBmUjYYVJL8yZqEjDdalzlK+iR869NCfT5MNtrQNY9u2ycGtfO4CmjSD0FBrMvBsnz61pCqd+nyBu4qkOauiCMnPWlI5NRxnBqU80zFDCTSEU/aaCtO4miueKYWFTuKgZe9EldDi7M6W00u1ubRJApO4frWZrejrbiO4hXjPzLUmmarc29t5EaI4ByM1Wlu7vzXMo3I38BPFfLVoyhVaZ9LSlGdJNC3djFa23n7Sd6jYCO5rV0rw9DHZLJcANK/OCegrDuLqS6EMbKEWI5Fai6pdEcTAYHTFYt6G0Yq5tpotmDxEtWRo9l08oCudXVb0HiYH8KsLrN+P+W4H/ARWepskbraLY7f9Qp/Cs2507T1cqEjDA9Aeaz7vW9UeMok4weCcVk25uoJ2nJDSH+JucUJMl6aWJdVFvHOIYEHy/eb1qqg/CnXEkksu6U5b1pF6Zr6fBQUaSPmcbNyqtEv3VzRDEZXyfu01cyNtp1xcCGPy04NdbZzJXC6udqeXHjHtVe2t2nfJ6dzTIIWuJAKvyMIIxHH97pUl7DiQcRxjAHWiWRYI/wDaNOUCCHeep5rMllM0hzTAa7Fzk85qzbQ8bjUcceXC1fC7EpC3IpW2jpVKRuanmck1Vc0pCWrIzWx4cCR3j3EgJCLwAOprHPWug0uzH2EM2cuc9a83H1OSk/M9PLqTqVV5G4+tiMfJEuemWcCs63kR7t7y4ZJZ2+6S4wg9qcLOBeqL+IpDBCDjyk/KvA50tj6L2MnuW5mhIVku7FSeocZNFUjbxE/6tfyoo9ohewfc/9k=', '', NULL, 'Bangladesh', 'Dhaka', 1214, '', '27 south bashabo dhaka', '', NULL, NULL, NULL, '2024-07-07 15:10:04', '668aafcc762c9.jpg', '110760555239646821757', 1);

--
-- Indexes for dumped tables
--

--
-- Indexes for table `comments`
--
ALTER TABLE `comments`
  ADD PRIMARY KEY (`id`);

--
-- Indexes for table `post`
--
ALTER TABLE `post`
  ADD PRIMARY KEY (`id`);

--
-- Indexes for table `post_notification`
--
ALTER TABLE `post_notification`
  ADD PRIMARY KEY (`id`);

--
-- Indexes for table `review`
--
ALTER TABLE `review`
  ADD PRIMARY KEY (`id`);

--
-- Indexes for table `users`
--
ALTER TABLE `users`
  ADD PRIMARY KEY (`id`),
  ADD UNIQUE KEY `email` (`email`);

--
-- AUTO_INCREMENT for dumped tables
--

--
-- AUTO_INCREMENT for table `comments`
--
ALTER TABLE `comments`
  MODIFY `id` int(11) NOT NULL AUTO_INCREMENT, AUTO_INCREMENT=42;

--
-- AUTO_INCREMENT for table `post`
--
ALTER TABLE `post`
  MODIFY `id` int(11) NOT NULL AUTO_INCREMENT, AUTO_INCREMENT=26;

--
-- AUTO_INCREMENT for table `post_notification`
--
ALTER TABLE `post_notification`
  MODIFY `id` int(11) NOT NULL AUTO_INCREMENT, AUTO_INCREMENT=22;

--
-- AUTO_INCREMENT for table `review`
--
ALTER TABLE `review`
  MODIFY `id` int(11) NOT NULL AUTO_INCREMENT, AUTO_INCREMENT=11;

--
-- AUTO_INCREMENT for table `users`
--
ALTER TABLE `users`
  MODIFY `id` int(11) NOT NULL AUTO_INCREMENT, AUTO_INCREMENT=105;
COMMIT;

/*!40101 SET CHARACTER_SET_CLIENT=@OLD_CHARACTER_SET_CLIENT */;
/*!40101 SET CHARACTER_SET_RESULTS=@OLD_CHARACTER_SET_RESULTS */;
/*!40101 SET COLLATION_CONNECTION=@OLD_COLLATION_CONNECTION */;
